INFO:     Started server process [75048]
INFO:     Waiting for application startup.
INFO:     Application startup complete.
INFO:     Uvicorn running on http://127.0.0.1:8765 (Press CTRL+C to quit)
Sub-sitemap 실패 (https://www.lg.com/eg_ar/eg_ar-gpone-index.xml): Client error '404 Not Found' for url 'https://www.lg.com/eg_ar/eg_ar-gpone-index.xml'
For more information check: https://developer.mozilla.org/en-US/docs/Web/HTTP/Status/404
Sub-sitemap 실패 (https://www.lg.com/eg_en/eg_en-gpone-index.xml): Client error '404 Not Found' for url 'https://www.lg.com/eg_en/eg_en-gpone-index.xml'
For more information check: https://developer.mozilla.org/en-US/docs/Web/HTTP/Status/404
Sub-sitemap 실패 (https://www.lg.com/nl/nl-gpone-index.xml): Client error '404 Not Found' for url 'https://www.lg.com/nl/nl-gpone-index.xml'
For more information check: https://developer.mozilla.org/en-US/docs/Web/HTTP/Status/404
Sub-sitemap 실패 (https://www.lg.com/za/za-gpone-index.xml): Client error '404 Not Found' for url 'https://www.lg.com/za/za-gpone-index.xml'
For more information check: https://developer.mozilla.org/en-US/docs/Web/HTTP/Status/404
Sub-sitemap 실패 (https://www.lg.com/eg_ar/eg_ar-gpone-index.xml): Client error '404 Not Found' for url 'https://www.lg.com/eg_ar/eg_ar-gpone-index.xml'
For more information check: https://developer.mozilla.org/en-US/docs/Web/HTTP/Status/404
Sub-sitemap 실패 (https://www.lg.com/eg_en/eg_en-gpone-index.xml): Client error '404 Not Found' for url 'https://www.lg.com/eg_en/eg_en-gpone-index.xml'
For more information check: https://developer.mozilla.org/en-US/docs/Web/HTTP/Status/404
Sub-sitemap 실패 (https://www.lg.com/africa_fr/sitemap.xml): Client error '403 Forbidden' for url 'https://www.lg.com/africa_fr/sitemap.xml'
For more information check: https://developer.mozilla.org/en-US/docs/Web/HTTP/Status/403
Sub-sitemap 실패 (https://www.lg.com/es/es-gpone-index.xml): Client error '403 Forbidden' for url 'https://www.lg.com/es/es-gpone-index.xml'
For more information check: https://developer.mozilla.org/en-US/docs/Web/HTTP/Status/403
Sub-sitemap 실패 (https://www.lg.com/fi/index.xml): Client error '403 Forbidden' for url 'https://www.lg.com/fi/index.xml'
For more information check: https://developer.mozilla.org/en-US/docs/Web/HTTP/Status/403
Sub-sitemap 실패 (https://www.lg.com/africa_fr/sitemap-cs.xml): Client error '403 Forbidden' for url 'https://www.lg.com/africa_fr/sitemap-cs.xml'
For more information check: https://developer.mozilla.org/en-US/docs/Web/HTTP/Status/403
Sub-sitemap 실패 (https://www.lg.com/africa_fr/business/sitemap.xml): Client error '403 Forbidden' for url 'https://www.lg.com/africa_fr/business/sitemap.xml'
For more information check: https://developer.mozilla.org/en-US/docs/Web/HTTP/Status/403
Sub-sitemap 실패 (https://www.lg.com/global/global-gpone-index.xml): Client error '403 Forbidden' for url 'https://www.lg.com/global/global-gpone-index.xml'
For more information check: https://developer.mozilla.org/en-US/docs/Web/HTTP/Status/403
Sub-sitemap 실패 (https://www.lg.com/fr/fr-gpone-index.xml): Client error '403 Forbidden' for url 'https://www.lg.com/fr/fr-gpone-index.xml'
For more information check: https://developer.mozilla.org/en-US/docs/Web/HTTP/Status/403
Sub-sitemap 실패 (https://www.lg.com/ae_ar/sitemap.xml): Client error '403 Forbidden' for url 'https://www.lg.com/ae_ar/sitemap.xml'
For more information check: https://developer.mozilla.org/en-US/docs/Web/HTTP/Status/403
Sub-sitemap 실패 (https://www.lg.com/gr/index.xml): Client error '403 Forbidden' for url 'https://www.lg.com/gr/index.xml'
For more information check: https://developer.mozilla.org/en-US/docs/Web/HTTP/Status/403
Sub-sitemap 실패 (https://www.lg.com/ae_ar/business/sitemap.xml): Client error '403 Forbidden' for url 'https://www.lg.com/ae_ar/business/sitemap.xml'
For more information check: https://developer.mozilla.org/en-US/docs/Web/HTTP/Status/403
Sub-sitemap 실패 (https://www.lg.com/hk/hk-gpone-index.xml): Client error '403 Forbidden' for url 'https://www.lg.com/hk/hk-gpone-index.xml'
For more information check: https://developer.mozilla.org/en-US/docs/Web/HTTP/Status/403
Sub-sitemap 실패 (https://www.lg.com/hk_en/hk_en-gpone-index.xml): Client error '403 Forbidden' for url 'https://www.lg.com/hk_en/hk_en-gpone-index.xml'
For more information check: https://developer.mozilla.org/en-US/docs/Web/HTTP/Status/403
Sub-sitemap 실패 (https://www.lg.com/ae_ar/sitemap-cs.xml): Client error '403 Forbidden' for url 'https://www.lg.com/ae_ar/sitemap-cs.xml'
For more information check: https://developer.mozilla.org/en-US/docs/Web/HTTP/Status/403
Sub-sitemap 실패 (https://www.lg.com/hr/index.xml): Client error '403 Forbidden' for url 'https://www.lg.com/hr/index.xml'
For more information check: https://developer.mozilla.org/en-US/docs/Web/HTTP/Status/403
Sub-sitemap 실패 (https://www.lg.com/ar/sitemap.xml): Client error '403 Forbidden' for url 'https://www.lg.com/ar/sitemap.xml'
For more information check: https://developer.mozilla.org/en-US/docs/Web/HTTP/Status/403
Sub-sitemap 실패 (https://www.lg.com/hu/hu-gpone-index.xml): Client error '403 Forbidden' for url 'https://www.lg.com/hu/hu-gpone-index.xml'
For more information check: https://developer.mozilla.org/en-US/docs/Web/HTTP/Status/403
Sub-sitemap 실패 (https://www.lg.com/ar/sitemap-cs.xml): Client error '403 Forbidden' for url 'https://www.lg.com/ar/sitemap-cs.xml'
For more information check: https://developer.mozilla.org/en-US/docs/Web/HTTP/Status/403
Sub-sitemap 실패 (https://www.lg.com/ar/business/sitemap.xml): Client error '403 Forbidden' for url 'https://www.lg.com/ar/business/sitemap.xml'
For more information check: https://developer.mozilla.org/en-US/docs/Web/HTTP/Status/403
Sub-sitemap 실패 (https://www.lg.com/id/id-gpone-index.xml): Client error '403 Forbidden' for url 'https://www.lg.com/id/id-gpone-index.xml'
For more information check: https://developer.mozilla.org/en-US/docs/Web/HTTP/Status/403
Sub-sitemap 실패 (https://www.lg.com/il/index.xml): Client error '403 Forbidden' for url 'https://www.lg.com/il/index.xml'
For more information check: https://developer.mozilla.org/en-US/docs/Web/HTTP/Status/403
Sub-sitemap 실패 (https://www.lg.com/in/in-gpone-index.xml): Client error '403 Forbidden' for url 'https://www.lg.com/in/in-gpone-index.xml'
For more information check: https://developer.mozilla.org/en-US/docs/Web/HTTP/Status/403
Sub-sitemap 실패 (https://www.lg.com/at/sitemap-cs.xml): Client error '403 Forbidden' for url 'https://www.lg.com/at/sitemap-cs.xml'
For more information check: https://developer.mozilla.org/en-US/docs/Web/HTTP/Status/403
Sub-sitemap 실패 (https://www.lg.com/at/sitemap.xml): Client error '403 Forbidden' for url 'https://www.lg.com/at/sitemap.xml'
For more information check: https://developer.mozilla.org/en-US/docs/Web/HTTP/Status/403
Sub-sitemap 실패 (https://www.lg.com/ir/index.xml): Client error '403 Forbidden' for url 'https://www.lg.com/ir/index.xml'
For more information check: https://developer.mozilla.org/en-US/docs/Web/HTTP/Status/403
Sub-sitemap 실패 (https://www.lg.com/at/at-sitemap-hreflang.xml): Client error '403 Forbidden' for url 'https://www.lg.com/at/at-sitemap-hreflang.xml'
For more information check: https://developer.mozilla.org/en-US/docs/Web/HTTP/Status/403
Sub-sitemap 실패 (https://www.lg.com/at/at-pdp-sitemap-hreflang.xml): Client error '403 Forbidden' for url 'https://www.lg.com/at/at-pdp-sitemap-hreflang.xml'
For more information check: https://developer.mozilla.org/en-US/docs/Web/HTTP/Status/403
Sub-sitemap 실패 (https://www.lg.com/jp/jp-gpone-index.xml): Client error '403 Forbidden' for url 'https://www.lg.com/jp/jp-gpone-index.xml'
For more information check: https://developer.mozilla.org/en-US/docs/Web/HTTP/Status/403
Sub-sitemap 실패 (https://www.lg.com/it/it-gpone-index.xml): Client error '403 Forbidden' for url 'https://www.lg.com/it/it-gpone-index.xml'
For more information check: https://developer.mozilla.org/en-US/docs/Web/HTTP/Status/403
Sub-sitemap 실패 (https://www.lg.com/at/at-lg-experience-sitemap-hreflang.xml): Client error '403 Forbidden' for url 'https://www.lg.com/at/at-lg-experience-sitemap-hreflang.xml'
For more information check: https://developer.mozilla.org/en-US/docs/Web/HTTP/Status/403
Sub-sitemap 실패 (https://www.lg.com/levant_ar/index.xml): Client error '403 Forbidden' for url 'https://www.lg.com/levant_ar/index.xml'
For more information check: https://developer.mozilla.org/en-US/docs/Web/HTTP/Status/403
Sub-sitemap 실패 (https://www.lg.com/au/sitemap.xml): Client error '403 Forbidden' for url 'https://www.lg.com/au/sitemap.xml'
For more information check: https://developer.mozilla.org/en-US/docs/Web/HTTP/Status/403
Sub-sitemap 실패 (https://www.lg.com/kz/kz-gpone-index.xml): Client error '403 Forbidden' for url 'https://www.lg.com/kz/kz-gpone-index.xml'
For more information check: https://developer.mozilla.org/en-US/docs/Web/HTTP/Status/403
Sub-sitemap 실패 (https://www.lg.com/levant_en/index.xml): Client error '403 Forbidden' for url 'https://www.lg.com/levant_en/index.xml'
For more information check: https://developer.mozilla.org/en-US/docs/Web/HTTP/Status/403
Sub-sitemap 실패 (https://www.lg.com/au/au-sitemap-hreflang.xml): Client error '403 Forbidden' for url 'https://www.lg.com/au/au-sitemap-hreflang.xml'
For more information check: https://developer.mozilla.org/en-US/docs/Web/HTTP/Status/403
Sub-sitemap 실패 (https://www.lg.com/au/sitemap-cs.xml): Client error '403 Forbidden' for url 'https://www.lg.com/au/sitemap-cs.xml'
For more information check: https://developer.mozilla.org/en-US/docs/Web/HTTP/Status/403
Sub-sitemap 실패 (https://www.lg.com/lk/index.xml): Client error '403 Forbidden' for url 'https://www.lg.com/lk/index.xml'
For more information check: https://developer.mozilla.org/en-US/docs/Web/HTTP/Status/403
Sub-sitemap 실패 (https://www.lg.com/lt/index.xml): Client error '403 Forbidden' for url 'https://www.lg.com/lt/index.xml'
For more information check: https://developer.mozilla.org/en-US/docs/Web/HTTP/Status/403
Sub-sitemap 실패 (https://www.lg.com/lv/index.xml): Client error '403 Forbidden' for url 'https://www.lg.com/lv/index.xml'
For more information check: https://developer.mozilla.org/en-US/docs/Web/HTTP/Status/403
Sub-sitemap 실패 (https://www.lg.com/au/au-pdp-sitemap-hreflang.xml): Client error '403 Forbidden' for url 'https://www.lg.com/au/au-pdp-sitemap-hreflang.xml'
For more information check: https://developer.mozilla.org/en-US/docs/Web/HTTP/Status/403
Sub-sitemap 실패 (https://www.lg.com/au/au-lg-experience-sitemap-hreflang.xml): Client error '403 Forbidden' for url 'https://www.lg.com/au/au-lg-experience-sitemap-hreflang.xml'
For more information check: https://developer.mozilla.org/en-US/docs/Web/HTTP/Status/403
Sub-sitemap 실패 (https://www.lg.com/ma/ma-gpone-index.xml): Client error '403 Forbidden' for url 'https://www.lg.com/ma/ma-gpone-index.xml'
For more information check: https://developer.mozilla.org/en-US/docs/Web/HTTP/Status/403
Sub-sitemap 실패 (https://www.lg.com/au/business/sitemap.xml): Client error '403 Forbidden' for url 'https://www.lg.com/au/business/sitemap.xml'
For more information check: https://developer.mozilla.org/en-US/docs/Web/HTTP/Status/403
Sub-sitemap 실패 (https://www.lg.com/my/my-gpone-index.xml): Client error '403 Forbidden' for url 'https://www.lg.com/my/my-gpone-index.xml'
For more information check: https://developer.mozilla.org/en-US/docs/Web/HTTP/Status/403
Sub-sitemap 실패 (https://www.lg.com/mx/mx-gpone-index.xml): Client error '403 Forbidden' for url 'https://www.lg.com/mx/mx-gpone-index.xml'
For more information check: https://developer.mozilla.org/en-US/docs/Web/HTTP/Status/403
Sub-sitemap 실패 (https://www.lg.com/bd/sitemap-cs.xml): Client error '403 Forbidden' for url 'https://www.lg.com/bd/sitemap-cs.xml'
For more information check: https://developer.mozilla.org/en-US/docs/Web/HTTP/Status/403
Sub-sitemap 실패 (https://www.lg.com/bd/sitemap.xml): Client error '403 Forbidden' for url 'https://www.lg.com/bd/sitemap.xml'
For more information check: https://developer.mozilla.org/en-US/docs/Web/HTTP/Status/403
Sub-sitemap 실패 (https://www.lg.com/nl/nl-gpone-index.xml): Client error '403 Forbidden' for url 'https://www.lg.com/nl/nl-gpone-index.xml'
For more information check: https://developer.mozilla.org/en-US/docs/Web/HTTP/Status/403
Sub-sitemap 실패 (https://www.lg.com/no/index.xml): Client error '403 Forbidden' for url 'https://www.lg.com/no/index.xml'
For more information check: https://developer.mozilla.org/en-US/docs/Web/HTTP/Status/403
Sub-sitemap 실패 (https://www.lg.com/bg/sitemap.xml): Client error '403 Forbidden' for url 'https://www.lg.com/bg/sitemap.xml'
For more information check: https://developer.mozilla.org/en-US/docs/Web/HTTP/Status/403
Sub-sitemap 실패 (https://www.lg.com/np/index.xml): Client error '403 Forbidden' for url 'https://www.lg.com/np/index.xml'
For more information check: https://developer.mozilla.org/en-US/docs/Web/HTTP/Status/403
Sub-sitemap 실패 (https://www.lg.com/bd/business/sitemap.xml): Client error '403 Forbidden' for url 'https://www.lg.com/bd/business/sitemap.xml'
For more information check: https://developer.mozilla.org/en-US/docs/Web/HTTP/Status/403
Sub-sitemap 실패 (https://www.lg.com/nz/nz-gpone-index.xml): Client error '403 Forbidden' for url 'https://www.lg.com/nz/nz-gpone-index.xml'
For more information check: https://developer.mozilla.org/en-US/docs/Web/HTTP/Status/403
Sub-sitemap 실패 (https://www.lg.com/bg/sitemap-cs.xml): Client error '403 Forbidden' for url 'https://www.lg.com/bg/sitemap-cs.xml'
For more information check: https://developer.mozilla.org/en-US/docs/Web/HTTP/Status/403
Sub-sitemap 실패 (https://www.lg.com/be_fr/sitemap.xml): Client error '403 Forbidden' for url 'https://www.lg.com/be_fr/sitemap.xml'
For more information check: https://developer.mozilla.org/en-US/docs/Web/HTTP/Status/403
Sub-sitemap 실패 (https://www.lg.com/pa/pa-gpone-index.xml): Client error '403 Forbidden' for url 'https://www.lg.com/pa/pa-gpone-index.xml'
For more information check: https://developer.mozilla.org/en-US/docs/Web/HTTP/Status/403
Sub-sitemap 실패 (https://www.lg.com/pe/pe-gpone-index.xml): Client error '403 Forbidden' for url 'https://www.lg.com/pe/pe-gpone-index.xml'
For more information check: https://developer.mozilla.org/en-US/docs/Web/HTTP/Status/403
Sub-sitemap 실패 (https://www.lg.com/be_fr/sitemap-cs.xml): Client error '403 Forbidden' for url 'https://www.lg.com/be_fr/sitemap-cs.xml'
For more information check: https://developer.mozilla.org/en-US/docs/Web/HTTP/Status/403
Sub-sitemap 실패 (https://www.lg.com/ca_en/sitemap.xml): Client error '403 Forbidden' for url 'https://www.lg.com/ca_en/sitemap.xml'
For more information check: https://developer.mozilla.org/en-US/docs/Web/HTTP/Status/403
Sub-sitemap 실패 (https://www.lg.com/ph/ph-gpone-index.xml): Client error '403 Forbidden' for url 'https://www.lg.com/ph/ph-gpone-index.xml'
For more information check: https://developer.mozilla.org/en-US/docs/Web/HTTP/Status/403
Sub-sitemap 실패 (https://www.lg.com/ca_en/sitemap-cs.xml): Client error '403 Forbidden' for url 'https://www.lg.com/ca_en/sitemap-cs.xml'
For more information check: https://developer.mozilla.org/en-US/docs/Web/HTTP/Status/403
Sub-sitemap 실패 (https://www.lg.com/pl/pl-gpone-index.xml): Client error '403 Forbidden' for url 'https://www.lg.com/pl/pl-gpone-index.xml'
For more information check: https://developer.mozilla.org/en-US/docs/Web/HTTP/Status/403
Sub-sitemap 실패 (https://www.lg.com/ca_en/ca_en-sitemap-hreflang.xml): Client error '403 Forbidden' for url 'https://www.lg.com/ca_en/ca_en-sitemap-hreflang.xml'
For more information check: https://developer.mozilla.org/en-US/docs/Web/HTTP/Status/403
Sub-sitemap 실패 (https://www.lg.com/pt/pt-gpone-index.xml): Client error '403 Forbidden' for url 'https://www.lg.com/pt/pt-gpone-index.xml'
For more information check: https://developer.mozilla.org/en-US/docs/Web/HTTP/Status/403
Sub-sitemap 실패 (https://www.lg.com/ca_en/ca_en-pdp-sitemap-hreflang.xml): Client error '403 Forbidden' for url 'https://www.lg.com/ca_en/ca_en-pdp-sitemap-hreflang.xml'
For more information check: https://developer.mozilla.org/en-US/docs/Web/HTTP/Status/403
Sub-sitemap 실패 (https://www.lg.com/sitemap.xml): Client error '403 Forbidden' for url 'https://www.lg.com/sitemap.xml'
For more information check: https://developer.mozilla.org/en-US/docs/Web/HTTP/Status/403
Sub-sitemap 실패 (https://www.lg.com/rs/index.xml): Client error '403 Forbidden' for url 'https://www.lg.com/rs/index.xml'
For more information check: https://developer.mozilla.org/en-US/docs/Web/HTTP/Status/403
Sub-sitemap 실패 (https://www.lg.com/ro/index.xml): Client error '403 Forbidden' for url 'https://www.lg.com/ro/index.xml'
For more information check: https://developer.mozilla.org/en-US/docs/Web/HTTP/Status/403
Sub-sitemap 실패 (https://www.lg.com/br/sitemap.xml): Client error '403 Forbidden' for url 'https://www.lg.com/br/sitemap.xml'
For more information check: https://developer.mozilla.org/en-US/docs/Web/HTTP/Status/403
Sub-sitemap 실패 (https://www.lg.com/br/sitemap-cs.xml): Client error '403 Forbidden' for url 'https://www.lg.com/br/sitemap-cs.xml'
For more information check: https://developer.mozilla.org/en-US/docs/Web/HTTP/Status/403
Sub-sitemap 실패 (https://www.lg.com/ru/index.xml): Client error '403 Forbidden' for url 'https://www.lg.com/ru/index.xml'
For more information check: https://developer.mozilla.org/en-US/docs/Web/HTTP/Status/403
Sub-sitemap 실패 (https://www.lg.com/br/br-sitemap-hreflang.xml): Client error '403 Forbidden' for url 'https://www.lg.com/br/br-sitemap-hreflang.xml'
For more information check: https://developer.mozilla.org/en-US/docs/Web/HTTP/Status/403
Sub-sitemap 실패 (https://www.lg.com/br/br-lg-experience-sitemap-hreflang.xml): Client error '403 Forbidden' for url 'https://www.lg.com/br/br-lg-experience-sitemap-hreflang.xml'
For more information check: https://developer.mozilla.org/en-US/docs/Web/HTTP/Status/403
Sub-sitemap 실패 (https://www.lg.com/sa/sa-gpone-index.xml): Client error '403 Forbidden' for url 'https://www.lg.com/sa/sa-gpone-index.xml'
For more information check: https://developer.mozilla.org/en-US/docs/Web/HTTP/Status/403
Sub-sitemap 실패 (https://www.lg.com/sa_en/sa_en-gpone-index.xml): Client error '403 Forbidden' for url 'https://www.lg.com/sa_en/sa_en-gpone-index.xml'
For more information check: https://developer.mozilla.org/en-US/docs/Web/HTTP/Status/403
Sub-sitemap 실패 (https://www.lg.com/br/br-pdp-sitemap-hreflang.xml): Client error '403 Forbidden' for url 'https://www.lg.com/br/br-pdp-sitemap-hreflang.xml'
For more information check: https://developer.mozilla.org/en-US/docs/Web/HTTP/Status/403
Sub-sitemap 실패 (https://www.lg.com/br/business/sitemap.xml): Client error '403 Forbidden' for url 'https://www.lg.com/br/business/sitemap.xml'
For more information check: https://developer.mozilla.org/en-US/docs/Web/HTTP/Status/403
Sub-sitemap 실패 (https://www.lg.com/sg/sg-gpone-index.xml): Client error '403 Forbidden' for url 'https://www.lg.com/sg/sg-gpone-index.xml'
For more information check: https://developer.mozilla.org/en-US/docs/Web/HTTP/Status/403
Sub-sitemap 실패 (https://www.lg.com/se/se-gpone-index.xml): Client error '403 Forbidden' for url 'https://www.lg.com/se/se-gpone-index.xml'
For more information check: https://developer.mozilla.org/en-US/docs/Web/HTTP/Status/403
Sub-sitemap 실패 (https://www.lg.com/cac/sitemap.xml): Client error '403 Forbidden' for url 'https://www.lg.com/cac/sitemap.xml'
For more information check: https://developer.mozilla.org/en-US/docs/Web/HTTP/Status/403
Sub-sitemap 실패 (https://www.lg.com/cac/sitemap-cs.xml): Client error '403 Forbidden' for url 'https://www.lg.com/cac/sitemap-cs.xml'
For more information check: https://developer.mozilla.org/en-US/docs/Web/HTTP/Status/403
Sub-sitemap 실패 (https://www.lg.com/sk/index.xml): Client error '403 Forbidden' for url 'https://www.lg.com/sk/index.xml'
For more information check: https://developer.mozilla.org/en-US/docs/Web/HTTP/Status/403
Sub-sitemap 실패 (https://www.lg.com/th/th-gpone-index.xml): Client error '403 Forbidden' for url 'https://www.lg.com/th/th-gpone-index.xml'
For more information check: https://developer.mozilla.org/en-US/docs/Web/HTTP/Status/403
Sub-sitemap 실패 (https://www.lg.com/tn/index.xml): Client error '403 Forbidden' for url 'https://www.lg.com/tn/index.xml'
For more information check: https://developer.mozilla.org/en-US/docs/Web/HTTP/Status/403
Sub-sitemap 실패 (https://www.lg.com/tr/tr-gpone-index.xml): Client error '403 Forbidden' for url 'https://www.lg.com/tr/tr-gpone-index.xml'
For more information check: https://developer.mozilla.org/en-US/docs/Web/HTTP/Status/403
Sub-sitemap 실패 (https://www.lg.com/ca_fr/sitemap.xml): Client error '403 Forbidden' for url 'https://www.lg.com/ca_fr/sitemap.xml'
For more information check: https://developer.mozilla.org/en-US/docs/Web/HTTP/Status/403
Sub-sitemap 실패 (https://www.lg.com/ca_fr/sitemap-cs.xml): Client error '403 Forbidden' for url 'https://www.lg.com/ca_fr/sitemap-cs.xml'
For more information check: https://developer.mozilla.org/en-US/docs/Web/HTTP/Status/403
Sub-sitemap 실패 (https://www.lg.com/tw/tw-gpone-index.xml): Client error '403 Forbidden' for url 'https://www.lg.com/tw/tw-gpone-index.xml'
For more information check: https://developer.mozilla.org/en-US/docs/Web/HTTP/Status/403
Sub-sitemap 실패 (https://www.lg.com/ca_fr/ca_fr-sitemap-hreflang.xml): Client error '403 Forbidden' for url 'https://www.lg.com/ca_fr/ca_fr-sitemap-hreflang.xml'
For more information check: https://developer.mozilla.org/en-US/docs/Web/HTTP/Status/403
Sub-sitemap 실패 (https://www.lg.com/ua/index.xml): Client error '403 Forbidden' for url 'https://www.lg.com/ua/index.xml'
For more information check: https://developer.mozilla.org/en-US/docs/Web/HTTP/Status/403
Sub-sitemap 실패 (https://www.lg.com/uk/uk-gpone-index.xml): Client error '403 Forbidden' for url 'https://www.lg.com/uk/uk-gpone-index.xml'
For more information check: https://developer.mozilla.org/en-US/docs/Web/HTTP/Status/403
Sub-sitemap 실패 (https://www.lg.com/ca_fr/ca_fr-pdp-sitemap-hreflang.xml): Client error '403 Forbidden' for url 'https://www.lg.com/ca_fr/ca_fr-pdp-sitemap-hreflang.xml'
For more information check: https://developer.mozilla.org/en-US/docs/Web/HTTP/Status/403
Sub-sitemap 실패 (https://www.lg.com/uz/index.xml): Client error '403 Forbidden' for url 'https://www.lg.com/uz/index.xml'
For more information check: https://developer.mozilla.org/en-US/docs/Web/HTTP/Status/403
Sub-sitemap 실패 (https://www.lg.com/uz_ru/index.xml): Client error '403 Forbidden' for url 'https://www.lg.com/uz_ru/index.xml'
For more information check: https://developer.mozilla.org/en-US/docs/Web/HTTP/Status/403
Sub-sitemap 실패 (https://www.lg.com/vn/vn-gpone-index.xml): Client error '403 Forbidden' for url 'https://www.lg.com/vn/vn-gpone-index.xml'
For more information check: https://developer.mozilla.org/en-US/docs/Web/HTTP/Status/403
Sub-sitemap 실패 (https://www.lg.com/za/za-gpone-index.xml): Client error '403 Forbidden' for url 'https://www.lg.com/za/za-gpone-index.xml'
For more information check: https://developer.mozilla.org/en-US/docs/Web/HTTP/Status/403
Sub-sitemap 실패 (https://www.lg.com/ch_fr/sitemap-cs.xml): Client error '403 Forbidden' for url 'https://www.lg.com/ch_fr/sitemap-cs.xml'
For more information check: https://developer.mozilla.org/en-US/docs/Web/HTTP/Status/403
Sub-sitemap 실패 (https://www.lg.com/ch_fr/sitemap.xml): Client error '403 Forbidden' for url 'https://www.lg.com/ch_fr/sitemap.xml'
For more information check: https://developer.mozilla.org/en-US/docs/Web/HTTP/Status/403
Sub-sitemap 실패 (https://www.lg.com/ae/sitemap.xml): Client error '403 Forbidden' for url 'https://www.lg.com/ae/sitemap.xml'
For more information check: https://developer.mozilla.org/en-US/docs/Web/HTTP/Status/403
Sub-sitemap 실패 (https://www.lg.com/ae/sitemap-cs.xml): Client error '403 Forbidden' for url 'https://www.lg.com/ae/sitemap-cs.xml'
For more information check: https://developer.mozilla.org/en-US/docs/Web/HTTP/Status/403
Sub-sitemap 실패 (https://www.lg.com/ch_fr/ch_fr-sitemap-hreflang.xml): Client error '403 Forbidden' for url 'https://www.lg.com/ch_fr/ch_fr-sitemap-hreflang.xml'
For more information check: https://developer.mozilla.org/en-US/docs/Web/HTTP/Status/403
Sub-sitemap 실패 (https://www.lg.com/ae_ar/sitemap.xml): Client error '403 Forbidden' for url 'https://www.lg.com/ae_ar/sitemap.xml'
For more information check: https://developer.mozilla.org/en-US/docs/Web/HTTP/Status/403
Sub-sitemap 실패 (https://www.lg.com/ch_fr/ch_fr-lg-experience-sitemap-hreflang.xml): Client error '403 Forbidden' for url 'https://www.lg.com/ch_fr/ch_fr-lg-experience-sitemap-hreflang.xml'
For more information check: https://developer.mozilla.org/en-US/docs/Web/HTTP/Status/403
Sub-sitemap 실패 (https://www.lg.com/ae_ar/sitemap-cs.xml): Client error '403 Forbidden' for url 'https://www.lg.com/ae_ar/sitemap-cs.xml'
For more information check: https://developer.mozilla.org/en-US/docs/Web/HTTP/Status/403
Sub-sitemap 실패 (https://www.lg.com/ch_fr/ch_fr-pdp-sitemap-hreflang.xml): Client error '403 Forbidden' for url 'https://www.lg.com/ch_fr/ch_fr-pdp-sitemap-hreflang.xml'
For more information check: https://developer.mozilla.org/en-US/docs/Web/HTTP/Status/403
Sub-sitemap 실패 (https://www.lg.com/ae_ar/business/sitemap.xml): Client error '403 Forbidden' for url 'https://www.lg.com/ae_ar/business/sitemap.xml'
For more information check: https://developer.mozilla.org/en-US/docs/Web/HTTP/Status/403
Sub-sitemap 실패 (https://www.lg.com/ae/business/sitemap.xml): Client error '403 Forbidden' for url 'https://www.lg.com/ae/business/sitemap.xml'
For more information check: https://developer.mozilla.org/en-US/docs/Web/HTTP/Status/403
Sub-sitemap 실패 (https://www.lg.com/cl/sitemap.xml): Client error '403 Forbidden' for url 'https://www.lg.com/cl/sitemap.xml'
For more information check: https://developer.mozilla.org/en-US/docs/Web/HTTP/Status/403
Sub-sitemap 실패 (https://www.lg.com/cl/sitemap-cs.xml): Client error '403 Forbidden' for url 'https://www.lg.com/cl/sitemap-cs.xml'
For more information check: https://developer.mozilla.org/en-US/docs/Web/HTTP/Status/403
Sub-sitemap 실패 (https://www.lg.com/africa/sitemap-cs.xml): Client error '403 Forbidden' for url 'https://www.lg.com/africa/sitemap-cs.xml'
For more information check: https://developer.mozilla.org/en-US/docs/Web/HTTP/Status/403
Sub-sitemap 실패 (https://www.lg.com/africa/sitemap.xml): Client error '403 Forbidden' for url 'https://www.lg.com/africa/sitemap.xml'
For more information check: https://developer.mozilla.org/en-US/docs/Web/HTTP/Status/403
Sub-sitemap 실패 (https://www.lg.com/cl/cl-sitemap-hreflang.xml): Client error '403 Forbidden' for url 'https://www.lg.com/cl/cl-sitemap-hreflang.xml'
For more information check: https://developer.mozilla.org/en-US/docs/Web/HTTP/Status/403
Sub-sitemap 실패 (https://www.lg.com/cl/cl-pdp-sitemap-hreflang.xml): Client error '403 Forbidden' for url 'https://www.lg.com/cl/cl-pdp-sitemap-hreflang.xml'
For more information check: https://developer.mozilla.org/en-US/docs/Web/HTTP/Status/403
Sub-sitemap 실패 (https://www.lg.com/africa_fr/sitemap-cs.xml): Client error '403 Forbidden' for url 'https://www.lg.com/africa_fr/sitemap-cs.xml'
For more information check: https://developer.mozilla.org/en-US/docs/Web/HTTP/Status/403
Sub-sitemap 실패 (https://www.lg.com/africa/business/sitemap.xml): Client error '403 Forbidden' for url 'https://www.lg.com/africa/business/sitemap.xml'
For more information check: https://developer.mozilla.org/en-US/docs/Web/HTTP/Status/403
Sub-sitemap 실패 (https://www.lg.com/cn/sitemap.xml): Client error '403 Forbidden' for url 'https://www.lg.com/cn/sitemap.xml'
For more information check: https://developer.mozilla.org/en-US/docs/Web/HTTP/Status/403
Sub-sitemap 실패 (https://www.lg.com/africa_fr/business/sitemap.xml): Client error '403 Forbidden' for url 'https://www.lg.com/africa_fr/business/sitemap.xml'
For more information check: https://developer.mozilla.org/en-US/docs/Web/HTTP/Status/403
Sub-sitemap 실패 (https://www.lg.com/au/au-gpone-index.xml): Client error '403 Forbidden' for url 'https://www.lg.com/au/au-gpone-index.xml'
For more information check: https://developer.mozilla.org/en-US/docs/Web/HTTP/Status/403
Sub-sitemap 실패 (https://www.lg.com/cn/sitemap-cs.xml): Client error '403 Forbidden' for url 'https://www.lg.com/cn/sitemap-cs.xml'
For more information check: https://developer.mozilla.org/en-US/docs/Web/HTTP/Status/403
Sub-sitemap 실패 (https://www.lg.com/cn/business/sitemap.xml): Client error '403 Forbidden' for url 'https://www.lg.com/cn/business/sitemap.xml'
For more information check: https://developer.mozilla.org/en-US/docs/Web/HTTP/Status/403
Sub-sitemap 실패 (https://www.lg.com/ar/sitemap-cs.xml): Client error '403 Forbidden' for url 'https://www.lg.com/ar/sitemap-cs.xml'
For more information check: https://developer.mozilla.org/en-US/docs/Web/HTTP/Status/403
Sub-sitemap 실패 (https://www.lg.com/ar/sitemap.xml): Client error '403 Forbidden' for url 'https://www.lg.com/ar/sitemap.xml'
For more information check: https://developer.mozilla.org/en-US/docs/Web/HTTP/Status/403
Sub-sitemap 실패 (https://www.lg.com/co/sitemap-cs.xml): Client error '403 Forbidden' for url 'https://www.lg.com/co/sitemap-cs.xml'
For more information check: https://developer.mozilla.org/en-US/docs/Web/HTTP/Status/403
Sub-sitemap 실패 (https://www.lg.com/co/sitemap.xml): Client error '403 Forbidden' for url 'https://www.lg.com/co/sitemap.xml'
For more information check: https://developer.mozilla.org/en-US/docs/Web/HTTP/Status/403
Sub-sitemap 실패 (https://www.lg.com/ar/business/sitemap.xml): Client error '403 Forbidden' for url 'https://www.lg.com/ar/business/sitemap.xml'
For more information check: https://developer.mozilla.org/en-US/docs/Web/HTTP/Status/403
Sub-sitemap 실패 (https://www.lg.com/bd/sitemap.xml): Client error '403 Forbidden' for url 'https://www.lg.com/bd/sitemap.xml'
For more information check: https://developer.mozilla.org/en-US/docs/Web/HTTP/Status/403
Sub-sitemap 실패 (https://www.lg.com/bd/sitemap-cs.xml): Client error '403 Forbidden' for url 'https://www.lg.com/bd/sitemap-cs.xml'
For more information check: https://developer.mozilla.org/en-US/docs/Web/HTTP/Status/403
Sub-sitemap 실패 (https://www.lg.com/bd/business/sitemap.xml): Client error '403 Forbidden' for url 'https://www.lg.com/bd/business/sitemap.xml'
For more information check: https://developer.mozilla.org/en-US/docs/Web/HTTP/Status/403
Sub-sitemap 실패 (https://www.lg.com/co/co-pdp-sitemap-hreflang.xml): Client error '403 Forbidden' for url 'https://www.lg.com/co/co-pdp-sitemap-hreflang.xml'
For more information check: https://developer.mozilla.org/en-US/docs/Web/HTTP/Status/403
Sub-sitemap 실패 (https://www.lg.com/be_fr/sitemap-cs.xml): Client error '403 Forbidden' for url 'https://www.lg.com/be_fr/sitemap-cs.xml'
For more information check: https://developer.mozilla.org/en-US/docs/Web/HTTP/Status/403
Sub-sitemap 실패 (https://www.lg.com/be_fr/sitemap.xml): Client error '403 Forbidden' for url 'https://www.lg.com/be_fr/sitemap.xml'
For more information check: https://developer.mozilla.org/en-US/docs/Web/HTTP/Status/403
Sub-sitemap 실패 (https://www.lg.com/co/co-sitemap-hreflang.xml): Client error '403 Forbidden' for url 'https://www.lg.com/co/co-sitemap-hreflang.xml'
For more information check: https://developer.mozilla.org/en-US/docs/Web/HTTP/Status/403
Sub-sitemap 실패 (https://www.lg.com/bg/sitemap.xml): Client error '403 Forbidden' for url 'https://www.lg.com/bg/sitemap.xml'
For more information check: https://developer.mozilla.org/en-US/docs/Web/HTTP/Status/403
Sub-sitemap 실패 (https://www.lg.com/de/sitemap-cs.xml): Client error '403 Forbidden' for url 'https://www.lg.com/de/sitemap-cs.xml'
For more information check: https://developer.mozilla.org/en-US/docs/Web/HTTP/Status/403
Sub-sitemap 실패 (https://www.lg.com/de/sitemap.xml): Client error '403 Forbidden' for url 'https://www.lg.com/de/sitemap.xml'
For more information check: https://developer.mozilla.org/en-US/docs/Web/HTTP/Status/403
Sub-sitemap 실패 (https://www.lg.com/at/sitemap.xml): Client error '403 Forbidden' for url 'https://www.lg.com/at/sitemap.xml'
For more information check: https://developer.mozilla.org/en-US/docs/Web/HTTP/Status/403
Sub-sitemap 실패 (https://www.lg.com/bg/sitemap-cs.xml): Client error '403 Forbidden' for url 'https://www.lg.com/bg/sitemap-cs.xml'
For more information check: https://developer.mozilla.org/en-US/docs/Web/HTTP/Status/403
Sub-sitemap 실패 (https://www.lg.com/at/sitemap-cs.xml): Client error '403 Forbidden' for url 'https://www.lg.com/at/sitemap-cs.xml'
For more information check: https://developer.mozilla.org/en-US/docs/Web/HTTP/Status/403
Sub-sitemap 실패 (https://www.lg.com/de/de-pdp-sitemap-hreflang.xml): Client error '403 Forbidden' for url 'https://www.lg.com/de/de-pdp-sitemap-hreflang.xml'
For more information check: https://developer.mozilla.org/en-US/docs/Web/HTTP/Status/403
Sub-sitemap 실패 (https://www.lg.com/de/de-sitemap-hreflang.xml): Client error '403 Forbidden' for url 'https://www.lg.com/de/de-sitemap-hreflang.xml'
For more information check: https://developer.mozilla.org/en-US/docs/Web/HTTP/Status/403
Sub-sitemap 실패 (https://www.lg.com/at/at-sitemap-hreflang.xml): Client error '403 Forbidden' for url 'https://www.lg.com/at/at-sitemap-hreflang.xml'
For more information check: https://developer.mozilla.org/en-US/docs/Web/HTTP/Status/403
Sub-sitemap 실패 (https://www.lg.com/de/business/sitemap.xml): Client error '403 Forbidden' for url 'https://www.lg.com/de/business/sitemap.xml'
For more information check: https://developer.mozilla.org/en-US/docs/Web/HTTP/Status/403
Sub-sitemap 실패 (https://www.lg.com/de/de-lg-experience-sitemap-hreflang.xml): Client error '403 Forbidden' for url 'https://www.lg.com/de/de-lg-experience-sitemap-hreflang.xml'
For more information check: https://developer.mozilla.org/en-US/docs/Web/HTTP/Status/403
Sub-sitemap 실패 (https://www.lg.com/at/at-lg-experience-sitemap-hreflang.xml): Client error '403 Forbidden' for url 'https://www.lg.com/at/at-lg-experience-sitemap-hreflang.xml'
For more information check: https://developer.mozilla.org/en-US/docs/Web/HTTP/Status/403
Sub-sitemap 실패 (https://www.lg.com/br/sitemap.xml): Client error '403 Forbidden' for url 'https://www.lg.com/br/sitemap.xml'
For more information check: https://developer.mozilla.org/en-US/docs/Web/HTTP/Status/403
Sub-sitemap 실패 (https://www.lg.com/at/at-pdp-sitemap-hreflang.xml): Client error '403 Forbidden' for url 'https://www.lg.com/at/at-pdp-sitemap-hreflang.xml'
For more information check: https://developer.mozilla.org/en-US/docs/Web/HTTP/Status/403
Sub-sitemap 실패 (https://www.lg.com/br/sitemap-cs.xml): Client error '403 Forbidden' for url 'https://www.lg.com/br/sitemap-cs.xml'
For more information check: https://developer.mozilla.org/en-US/docs/Web/HTTP/Status/403
Sub-sitemap 실패 (https://www.lg.com/br/br-sitemap-hreflang.xml): Client error '403 Forbidden' for url 'https://www.lg.com/br/br-sitemap-hreflang.xml'
For more information check: https://developer.mozilla.org/en-US/docs/Web/HTTP/Status/403
Sub-sitemap 실패 (https://www.lg.com/cz/sitemap-cs.xml): Client error '403 Forbidden' for url 'https://www.lg.com/cz/sitemap-cs.xml'
For more information check: https://developer.mozilla.org/en-US/docs/Web/HTTP/Status/403
Sub-sitemap 실패 (https://www.lg.com/cz/sitemap.xml): Client error '403 Forbidden' for url 'https://www.lg.com/cz/sitemap.xml'
For more information check: https://developer.mozilla.org/en-US/docs/Web/HTTP/Status/403
Sub-sitemap 실패 (https://www.lg.com/br/br-lg-experience-sitemap-hreflang.xml): Client error '403 Forbidden' for url 'https://www.lg.com/br/br-lg-experience-sitemap-hreflang.xml'
For more information check: https://developer.mozilla.org/en-US/docs/Web/HTTP/Status/403
Sub-sitemap 실패 (https://www.lg.com/cz/cz-pdp-sitemap-hreflang.xml): Client error '403 Forbidden' for url 'https://www.lg.com/cz/cz-pdp-sitemap-hreflang.xml'
For more information check: https://developer.mozilla.org/en-US/docs/Web/HTTP/Status/403
Sub-sitemap 실패 (https://www.lg.com/br/br-pdp-sitemap-hreflang.xml): Client error '403 Forbidden' for url 'https://www.lg.com/br/br-pdp-sitemap-hreflang.xml'
For more information check: https://developer.mozilla.org/en-US/docs/Web/HTTP/Status/403
Sub-sitemap 실패 (https://www.lg.com/cz/cz-sitemap-hreflang.xml): Client error '403 Forbidden' for url 'https://www.lg.com/cz/cz-sitemap-hreflang.xml'
For more information check: https://developer.mozilla.org/en-US/docs/Web/HTTP/Status/403
Sub-sitemap 실패 (https://www.lg.com/br/business/sitemap.xml): Client error '403 Forbidden' for url 'https://www.lg.com/br/business/sitemap.xml'
For more information check: https://developer.mozilla.org/en-US/docs/Web/HTTP/Status/403
Sub-sitemap 실패 (https://www.lg.com/ca_en/sitemap.xml): Client error '403 Forbidden' for url 'https://www.lg.com/ca_en/sitemap.xml'
For more information check: https://developer.mozilla.org/en-US/docs/Web/HTTP/Status/403
Sub-sitemap 실패 (https://www.lg.com/dz/sitemap.xml): Client error '403 Forbidden' for url 'https://www.lg.com/dz/sitemap.xml'
For more information check: https://developer.mozilla.org/en-US/docs/Web/HTTP/Status/403
Sub-sitemap 실패 (https://www.lg.com/cz/cz-lg-experience-sitemap-hreflang.xml): Client error '403 Forbidden' for url 'https://www.lg.com/cz/cz-lg-experience-sitemap-hreflang.xml'
For more information check: https://developer.mozilla.org/en-US/docs/Web/HTTP/Status/403
Sub-sitemap 실패 (https://www.lg.com/ca_en/sitemap-cs.xml): Client error '403 Forbidden' for url 'https://www.lg.com/ca_en/sitemap-cs.xml'
For more information check: https://developer.mozilla.org/en-US/docs/Web/HTTP/Status/403
Sub-sitemap 실패 (https://www.lg.com/dz/sitemap-cs.xml): Client error '403 Forbidden' for url 'https://www.lg.com/dz/sitemap-cs.xml'
For more information check: https://developer.mozilla.org/en-US/docs/Web/HTTP/Status/403
Sub-sitemap 실패 (https://www.lg.com/ca_en/ca_en-sitemap-hreflang.xml): Client error '403 Forbidden' for url 'https://www.lg.com/ca_en/ca_en-sitemap-hreflang.xml'
For more information check: https://developer.mozilla.org/en-US/docs/Web/HTTP/Status/403
Sub-sitemap 실패 (https://www.lg.com/dz/business/sitemap.xml): Client error '403 Forbidden' for url 'https://www.lg.com/dz/business/sitemap.xml'
For more information check: https://developer.mozilla.org/en-US/docs/Web/HTTP/Status/403
Sub-sitemap 실패 (https://www.lg.com/ca_en/ca_en-pdp-sitemap-hreflang.xml): Client error '403 Forbidden' for url 'https://www.lg.com/ca_en/ca_en-pdp-sitemap-hreflang.xml'
For more information check: https://developer.mozilla.org/en-US/docs/Web/HTTP/Status/403
Sub-sitemap 실패 (https://www.lg.com/eastafrica/sitemap.xml): Client error '403 Forbidden' for url 'https://www.lg.com/eastafrica/sitemap.xml'
For more information check: https://developer.mozilla.org/en-US/docs/Web/HTTP/Status/403
Sub-sitemap 실패 (https://www.lg.com/eastafrica/sitemap-cs.xml): Client error '403 Forbidden' for url 'https://www.lg.com/eastafrica/sitemap-cs.xml'
For more information check: https://developer.mozilla.org/en-US/docs/Web/HTTP/Status/403
Sub-sitemap 실패 (https://www.lg.com/cac/sitemap.xml): Client error '403 Forbidden' for url 'https://www.lg.com/cac/sitemap.xml'
For more information check: https://developer.mozilla.org/en-US/docs/Web/HTTP/Status/403
Sub-sitemap 실패 (https://www.lg.com/cac/sitemap-cs.xml): Client error '403 Forbidden' for url 'https://www.lg.com/cac/sitemap-cs.xml'
For more information check: https://developer.mozilla.org/en-US/docs/Web/HTTP/Status/403
Sub-sitemap 실패 (https://www.lg.com/eastafrica/business/sitemap.xml): Client error '403 Forbidden' for url 'https://www.lg.com/eastafrica/business/sitemap.xml'
For more information check: https://developer.mozilla.org/en-US/docs/Web/HTTP/Status/403
Sub-sitemap 실패 (https://www.lg.com/ca_fr/sitemap.xml): Client error '403 Forbidden' for url 'https://www.lg.com/ca_fr/sitemap.xml'
For more information check: https://developer.mozilla.org/en-US/docs/Web/HTTP/Status/403
Sub-sitemap 실패 (https://www.lg.com/ec/sitemap.xml): Client error '403 Forbidden' for url 'https://www.lg.com/ec/sitemap.xml'
For more information check: https://developer.mozilla.org/en-US/docs/Web/HTTP/Status/403
Sub-sitemap 실패 (https://www.lg.com/ec/sitemap-cs.xml): Client error '403 Forbidden' for url 'https://www.lg.com/ec/sitemap-cs.xml'
For more information check: https://developer.mozilla.org/en-US/docs/Web/HTTP/Status/403
Sub-sitemap 실패 (https://www.lg.com/ca_fr/sitemap-cs.xml): Client error '403 Forbidden' for url 'https://www.lg.com/ca_fr/sitemap-cs.xml'
For more information check: https://developer.mozilla.org/en-US/docs/Web/HTTP/Status/403
Sub-sitemap 실패 (https://www.lg.com/ec/business/sitemap.xml): Client error '403 Forbidden' for url 'https://www.lg.com/ec/business/sitemap.xml'
For more information check: https://developer.mozilla.org/en-US/docs/Web/HTTP/Status/403
Sub-sitemap 실패 (https://www.lg.com/ee/sitemap.xml): Client error '403 Forbidden' for url 'https://www.lg.com/ee/sitemap.xml'
For more information check: https://developer.mozilla.org/en-US/docs/Web/HTTP/Status/403
Sub-sitemap 실패 (https://www.lg.com/ca_fr/ca_fr-sitemap-hreflang.xml): Client error '403 Forbidden' for url 'https://www.lg.com/ca_fr/ca_fr-sitemap-hreflang.xml'
For more information check: https://developer.mozilla.org/en-US/docs/Web/HTTP/Status/403
Sub-sitemap 실패 (https://www.lg.com/ee/sitemap-cs.xml): Client error '403 Forbidden' for url 'https://www.lg.com/ee/sitemap-cs.xml'
For more information check: https://developer.mozilla.org/en-US/docs/Web/HTTP/Status/403
Sub-sitemap 실패 (https://www.lg.com/ca_fr/ca_fr-pdp-sitemap-hreflang.xml): Client error '403 Forbidden' for url 'https://www.lg.com/ca_fr/ca_fr-pdp-sitemap-hreflang.xml'
For more information check: https://developer.mozilla.org/en-US/docs/Web/HTTP/Status/403
Sub-sitemap 실패 (https://www.lg.com/cl/sitemap.xml): Client error '403 Forbidden' for url 'https://www.lg.com/cl/sitemap.xml'
For more information check: https://developer.mozilla.org/en-US/docs/Web/HTTP/Status/403
Sub-sitemap 실패 (https://www.lg.com/cl/sitemap-cs.xml): Client error '403 Forbidden' for url 'https://www.lg.com/cl/sitemap-cs.xml'
For more information check: https://developer.mozilla.org/en-US/docs/Web/HTTP/Status/403
Sub-sitemap 실패 (https://www.lg.com/cl/cl-sitemap-hreflang.xml): Client error '403 Forbidden' for url 'https://www.lg.com/cl/cl-sitemap-hreflang.xml'
For more information check: https://developer.mozilla.org/en-US/docs/Web/HTTP/Status/403
Sub-sitemap 실패 (https://www.lg.com/dk/sitemap-cs.xml): Client error '403 Forbidden' for url 'https://www.lg.com/dk/sitemap-cs.xml'
For more information check: https://developer.mozilla.org/en-US/docs/Web/HTTP/Status/403
Sub-sitemap 실패 (https://www.lg.com/dk/sitemap.xml): Client error '403 Forbidden' for url 'https://www.lg.com/dk/sitemap.xml'
For more information check: https://developer.mozilla.org/en-US/docs/Web/HTTP/Status/403
Sub-sitemap 실패 (https://www.lg.com/cl/cl-pdp-sitemap-hreflang.xml): Client error '403 Forbidden' for url 'https://www.lg.com/cl/cl-pdp-sitemap-hreflang.xml'
For more information check: https://developer.mozilla.org/en-US/docs/Web/HTTP/Status/403
Sub-sitemap 실패 (https://www.lg.com/cn/sitemap.xml): Client error '403 Forbidden' for url 'https://www.lg.com/cn/sitemap.xml'
For more information check: https://developer.mozilla.org/en-US/docs/Web/HTTP/Status/403
Sub-sitemap 실패 (https://www.lg.com/cn/sitemap-cs.xml): Client error '403 Forbidden' for url 'https://www.lg.com/cn/sitemap-cs.xml'
For more information check: https://developer.mozilla.org/en-US/docs/Web/HTTP/Status/403
Sub-sitemap 실패 (https://www.lg.com/dk/dk-pdp-sitemap-hreflang.xml): Client error '403 Forbidden' for url 'https://www.lg.com/dk/dk-pdp-sitemap-hreflang.xml'
For more information check: https://developer.mozilla.org/en-US/docs/Web/HTTP/Status/403
Sub-sitemap 실패 (https://www.lg.com/dk/dk-sitemap-hreflang.xml): Client error '403 Forbidden' for url 'https://www.lg.com/dk/dk-sitemap-hreflang.xml'
For more information check: https://developer.mozilla.org/en-US/docs/Web/HTTP/Status/403
Sub-sitemap 실패 (https://www.lg.com/cn/business/sitemap.xml): Client error '403 Forbidden' for url 'https://www.lg.com/cn/business/sitemap.xml'
For more information check: https://developer.mozilla.org/en-US/docs/Web/HTTP/Status/403
Sub-sitemap 실패 (https://www.lg.com/fi/sitemap-cs.xml): Client error '403 Forbidden' for url 'https://www.lg.com/fi/sitemap-cs.xml'
For more information check: https://developer.mozilla.org/en-US/docs/Web/HTTP/Status/403
Sub-sitemap 실패 (https://www.lg.com/fi/sitemap.xml): Client error '403 Forbidden' for url 'https://www.lg.com/fi/sitemap.xml'
For more information check: https://developer.mozilla.org/en-US/docs/Web/HTTP/Status/403
Sub-sitemap 실패 (https://www.lg.com/co/sitemap.xml): Client error '403 Forbidden' for url 'https://www.lg.com/co/sitemap.xml'
For more information check: https://developer.mozilla.org/en-US/docs/Web/HTTP/Status/403
Sub-sitemap 실패 (https://www.lg.com/co/sitemap-cs.xml): Client error '403 Forbidden' for url 'https://www.lg.com/co/sitemap-cs.xml'
For more information check: https://developer.mozilla.org/en-US/docs/Web/HTTP/Status/403
Sub-sitemap 실패 (https://www.lg.com/co/co-sitemap-hreflang.xml): Client error '403 Forbidden' for url 'https://www.lg.com/co/co-sitemap-hreflang.xml'
For more information check: https://developer.mozilla.org/en-US/docs/Web/HTTP/Status/403
Sub-sitemap 실패 (https://www.lg.com/co/co-pdp-sitemap-hreflang.xml): Client error '403 Forbidden' for url 'https://www.lg.com/co/co-pdp-sitemap-hreflang.xml'
For more information check: https://developer.mozilla.org/en-US/docs/Web/HTTP/Status/403
Sub-sitemap 실패 (https://www.lg.com/es/sitemap-cs.xml): Client error '403 Forbidden' for url 'https://www.lg.com/es/sitemap-cs.xml'
For more information check: https://developer.mozilla.org/en-US/docs/Web/HTTP/Status/403
Sub-sitemap 실패 (https://www.lg.com/es/sitemap.xml): Client error '403 Forbidden' for url 'https://www.lg.com/es/sitemap.xml'
For more information check: https://developer.mozilla.org/en-US/docs/Web/HTTP/Status/403
Sub-sitemap 실패 (https://www.lg.com/ch_fr/sitemap.xml): Client error '403 Forbidden' for url 'https://www.lg.com/ch_fr/sitemap.xml'
For more information check: https://developer.mozilla.org/en-US/docs/Web/HTTP/Status/403
Sub-sitemap 실패 (https://www.lg.com/ch_fr/sitemap-cs.xml): Client error '403 Forbidden' for url 'https://www.lg.com/ch_fr/sitemap-cs.xml'
For more information check: https://developer.mozilla.org/en-US/docs/Web/HTTP/Status/403
Sub-sitemap 실패 (https://www.lg.com/es/es-pdp-sitemap-hreflang.xml): Client error '403 Forbidden' for url 'https://www.lg.com/es/es-pdp-sitemap-hreflang.xml'
For more information check: https://developer.mozilla.org/en-US/docs/Web/HTTP/Status/403
Sub-sitemap 실패 (https://www.lg.com/es/es-sitemap-hreflang.xml): Client error '403 Forbidden' for url 'https://www.lg.com/es/es-sitemap-hreflang.xml'
For more information check: https://developer.mozilla.org/en-US/docs/Web/HTTP/Status/403
Sub-sitemap 실패 (https://www.lg.com/ch_fr/ch_fr-sitemap-hreflang.xml): Client error '403 Forbidden' for url 'https://www.lg.com/ch_fr/ch_fr-sitemap-hreflang.xml'
For more information check: https://developer.mozilla.org/en-US/docs/Web/HTTP/Status/403
Sub-sitemap 실패 (https://www.lg.com/ch_fr/ch_fr-pdp-sitemap-hreflang.xml): Client error '403 Forbidden' for url 'https://www.lg.com/ch_fr/ch_fr-pdp-sitemap-hreflang.xml'
For more information check: https://developer.mozilla.org/en-US/docs/Web/HTTP/Status/403
Sub-sitemap 실패 (https://www.lg.com/fr/sitemap.xml): Client error '403 Forbidden' for url 'https://www.lg.com/fr/sitemap.xml'
For more information check: https://developer.mozilla.org/en-US/docs/Web/HTTP/Status/403
Sub-sitemap 실패 (https://www.lg.com/es/es-lg-experience-sitemap-hreflang.xml): Client error '403 Forbidden' for url 'https://www.lg.com/es/es-lg-experience-sitemap-hreflang.xml'
For more information check: https://developer.mozilla.org/en-US/docs/Web/HTTP/Status/403
Sub-sitemap 실패 (https://www.lg.com/ch_fr/ch_fr-lg-experience-sitemap-hreflang.xml): Client error '403 Forbidden' for url 'https://www.lg.com/ch_fr/ch_fr-lg-experience-sitemap-hreflang.xml'
For more information check: https://developer.mozilla.org/en-US/docs/Web/HTTP/Status/403
Sub-sitemap 실패 (https://www.lg.com/cz/sitemap.xml): Client error '403 Forbidden' for url 'https://www.lg.com/cz/sitemap.xml'
For more information check: https://developer.mozilla.org/en-US/docs/Web/HTTP/Status/403
Sub-sitemap 실패 (https://www.lg.com/fr/fr-sitemap-hreflang.xml): Client error '403 Forbidden' for url 'https://www.lg.com/fr/fr-sitemap-hreflang.xml'
For more information check: https://developer.mozilla.org/en-US/docs/Web/HTTP/Status/403
Sub-sitemap 실패 (https://www.lg.com/fr/sitemap-cs.xml): Client error '403 Forbidden' for url 'https://www.lg.com/fr/sitemap-cs.xml'
For more information check: https://developer.mozilla.org/en-US/docs/Web/HTTP/Status/403
Sub-sitemap 실패 (https://www.lg.com/cz/sitemap-cs.xml): Client error '403 Forbidden' for url 'https://www.lg.com/cz/sitemap-cs.xml'
For more information check: https://developer.mozilla.org/en-US/docs/Web/HTTP/Status/403
Sub-sitemap 실패 (https://www.lg.com/cz/cz-sitemap-hreflang.xml): Client error '403 Forbidden' for url 'https://www.lg.com/cz/cz-sitemap-hreflang.xml'
For more information check: https://developer.mozilla.org/en-US/docs/Web/HTTP/Status/403
Sub-sitemap 실패 (https://www.lg.com/fr/fr-pdp-sitemap-hreflang.xml): Client error '403 Forbidden' for url 'https://www.lg.com/fr/fr-pdp-sitemap-hreflang.xml'
For more information check: https://developer.mozilla.org/en-US/docs/Web/HTTP/Status/403
Sub-sitemap 실패 (https://www.lg.com/fr/fr-lg-experience-sitemap-hreflang.xml): Client error '403 Forbidden' for url 'https://www.lg.com/fr/fr-lg-experience-sitemap-hreflang.xml'
For more information check: https://developer.mozilla.org/en-US/docs/Web/HTTP/Status/403
Sub-sitemap 실패 (https://www.lg.com/cz/cz-pdp-sitemap-hreflang.xml): Client error '403 Forbidden' for url 'https://www.lg.com/cz/cz-pdp-sitemap-hreflang.xml'
For more information check: https://developer.mozilla.org/en-US/docs/Web/HTTP/Status/403
Sub-sitemap 실패 (https://www.lg.com/cz/cz-lg-experience-sitemap-hreflang.xml): Client error '403 Forbidden' for url 'https://www.lg.com/cz/cz-lg-experience-sitemap-hreflang.xml'
For more information check: https://developer.mozilla.org/en-US/docs/Web/HTTP/Status/403
Sub-sitemap 실패 (https://www.lg.com/gr/sitemap-cs.xml): Client error '403 Forbidden' for url 'https://www.lg.com/gr/sitemap-cs.xml'
For more information check: https://developer.mozilla.org/en-US/docs/Web/HTTP/Status/403
Sub-sitemap 실패 (https://www.lg.com/gr/sitemap.xml): Client error '403 Forbidden' for url 'https://www.lg.com/gr/sitemap.xml'
For more information check: https://developer.mozilla.org/en-US/docs/Web/HTTP/Status/403
Sub-sitemap 실패 (https://www.lg.com/de/sitemap.xml): Client error '403 Forbidden' for url 'https://www.lg.com/de/sitemap.xml'
For more information check: https://developer.mozilla.org/en-US/docs/Web/HTTP/Status/403
Sub-sitemap 실패 (https://www.lg.com/de/sitemap-cs.xml): Client error '403 Forbidden' for url 'https://www.lg.com/de/sitemap-cs.xml'
For more information check: https://developer.mozilla.org/en-US/docs/Web/HTTP/Status/403
Sub-sitemap 실패 (https://www.lg.com/hk/sitemap.xml): Client error '403 Forbidden' for url 'https://www.lg.com/hk/sitemap.xml'
For more information check: https://developer.mozilla.org/en-US/docs/Web/HTTP/Status/403
Sub-sitemap 실패 (https://www.lg.com/de/de-sitemap-hreflang.xml): Client error '403 Forbidden' for url 'https://www.lg.com/de/de-sitemap-hreflang.xml'
For more information check: https://developer.mozilla.org/en-US/docs/Web/HTTP/Status/403
Sub-sitemap 실패 (https://www.lg.com/hk/sitemap-cs.xml): Client error '403 Forbidden' for url 'https://www.lg.com/hk/sitemap-cs.xml'
For more information check: https://developer.mozilla.org/en-US/docs/Web/HTTP/Status/403
Sub-sitemap 실패 (https://www.lg.com/de/de-pdp-sitemap-hreflang.xml): Client error '403 Forbidden' for url 'https://www.lg.com/de/de-pdp-sitemap-hreflang.xml'
For more information check: https://developer.mozilla.org/en-US/docs/Web/HTTP/Status/403
Sub-sitemap 실패 (https://www.lg.com/de/de-lg-experience-sitemap-hreflang.xml): Client error '403 Forbidden' for url 'https://www.lg.com/de/de-lg-experience-sitemap-hreflang.xml'
For more information check: https://developer.mozilla.org/en-US/docs/Web/HTTP/Status/403
Sub-sitemap 실패 (https://www.lg.com/hk/hk-pdp-sitemap-hreflang.xml): Client error '403 Forbidden' for url 'https://www.lg.com/hk/hk-pdp-sitemap-hreflang.xml'
For more information check: https://developer.mozilla.org/en-US/docs/Web/HTTP/Status/403
Sub-sitemap 실패 (https://www.lg.com/de/business/sitemap.xml): Client error '403 Forbidden' for url 'https://www.lg.com/de/business/sitemap.xml'
For more information check: https://developer.mozilla.org/en-US/docs/Web/HTTP/Status/403
Sub-sitemap 실패 (https://www.lg.com/hk/hk-sitemap-hreflang.xml): Client error '403 Forbidden' for url 'https://www.lg.com/hk/hk-sitemap-hreflang.xml'
For more information check: https://developer.mozilla.org/en-US/docs/Web/HTTP/Status/403
Sub-sitemap 실패 (https://www.lg.com/dz/sitemap.xml): Client error '403 Forbidden' for url 'https://www.lg.com/dz/sitemap.xml'
For more information check: https://developer.mozilla.org/en-US/docs/Web/HTTP/Status/403
Sub-sitemap 실패 (https://www.lg.com/hk/hk-lg-experience-sitemap-hreflang.xml): Client error '403 Forbidden' for url 'https://www.lg.com/hk/hk-lg-experience-sitemap-hreflang.xml'
For more information check: https://developer.mozilla.org/en-US/docs/Web/HTTP/Status/403
Sub-sitemap 실패 (https://www.lg.com/hk_en/sitemap.xml): Client error '403 Forbidden' for url 'https://www.lg.com/hk_en/sitemap.xml'
For more information check: https://developer.mozilla.org/en-US/docs/Web/HTTP/Status/403
Sub-sitemap 실패 (https://www.lg.com/dz/sitemap-cs.xml): Client error '403 Forbidden' for url 'https://www.lg.com/dz/sitemap-cs.xml'
For more information check: https://developer.mozilla.org/en-US/docs/Web/HTTP/Status/403
Sub-sitemap 실패 (https://www.lg.com/dz/business/sitemap.xml): Client error '403 Forbidden' for url 'https://www.lg.com/dz/business/sitemap.xml'
For more information check: https://developer.mozilla.org/en-US/docs/Web/HTTP/Status/403
Sub-sitemap 실패 (https://www.lg.com/hk_en/hk_en-sitemap-hreflang.xml): Client error '403 Forbidden' for url 'https://www.lg.com/hk_en/hk_en-sitemap-hreflang.xml'
For more information check: https://developer.mozilla.org/en-US/docs/Web/HTTP/Status/403
Sub-sitemap 실패 (https://www.lg.com/hk_en/sitemap-cs.xml): Client error '403 Forbidden' for url 'https://www.lg.com/hk_en/sitemap-cs.xml'
For more information check: https://developer.mozilla.org/en-US/docs/Web/HTTP/Status/403
Sub-sitemap 실패 (https://www.lg.com/eastafrica/sitemap.xml): Client error '403 Forbidden' for url 'https://www.lg.com/eastafrica/sitemap.xml'
For more information check: https://developer.mozilla.org/en-US/docs/Web/HTTP/Status/403
Sub-sitemap 실패 (https://www.lg.com/eastafrica/sitemap-cs.xml): Client error '403 Forbidden' for url 'https://www.lg.com/eastafrica/sitemap-cs.xml'
For more information check: https://developer.mozilla.org/en-US/docs/Web/HTTP/Status/403
Sub-sitemap 실패 (https://www.lg.com/hk_en/hk_en-pdp-sitemap-hreflang.xml): Client error '403 Forbidden' for url 'https://www.lg.com/hk_en/hk_en-pdp-sitemap-hreflang.xml'
For more information check: https://developer.mozilla.org/en-US/docs/Web/HTTP/Status/403
Sub-sitemap 실패 (https://www.lg.com/hk_en/hk_en-lg-experience-sitemap-hreflang.xml): Client error '403 Forbidden' for url 'https://www.lg.com/hk_en/hk_en-lg-experience-sitemap-hreflang.xml'
For more information check: https://developer.mozilla.org/en-US/docs/Web/HTTP/Status/403
Sub-sitemap 실패 (https://www.lg.com/ec/sitemap.xml): Client error '403 Forbidden' for url 'https://www.lg.com/ec/sitemap.xml'
For more information check: https://developer.mozilla.org/en-US/docs/Web/HTTP/Status/403
Sub-sitemap 실패 (https://www.lg.com/hr/sitemap.xml): Client error '403 Forbidden' for url 'https://www.lg.com/hr/sitemap.xml'
For more information check: https://developer.mozilla.org/en-US/docs/Web/HTTP/Status/403
Sub-sitemap 실패 (https://www.lg.com/hr/sitemap-cs.xml): Client error '403 Forbidden' for url 'https://www.lg.com/hr/sitemap-cs.xml'
For more information check: https://developer.mozilla.org/en-US/docs/Web/HTTP/Status/403
Sub-sitemap 실패 (https://www.lg.com/eastafrica/business/sitemap.xml): Client error '403 Forbidden' for url 'https://www.lg.com/eastafrica/business/sitemap.xml'
For more information check: https://developer.mozilla.org/en-US/docs/Web/HTTP/Status/403
Sub-sitemap 실패 (https://www.lg.com/ec/sitemap-cs.xml): Client error '403 Forbidden' for url 'https://www.lg.com/ec/sitemap-cs.xml'
For more information check: https://developer.mozilla.org/en-US/docs/Web/HTTP/Status/403
Sub-sitemap 실패 (https://www.lg.com/global/lg-signature/sitemap.xml): Client error '403 Forbidden' for url 'https://www.lg.com/global/lg-signature/sitemap.xml'
For more information check: https://developer.mozilla.org/en-US/docs/Web/HTTP/Status/403
Sub-sitemap 실패 (https://www.lg.com/ec/business/sitemap.xml): Client error '403 Forbidden' for url 'https://www.lg.com/ec/business/sitemap.xml'
For more information check: https://developer.mozilla.org/en-US/docs/Web/HTTP/Status/403
Sub-sitemap 실패 (https://www.lg.com/global/business/sitemap.xml): Client error '403 Forbidden' for url 'https://www.lg.com/global/business/sitemap.xml'
For more information check: https://developer.mozilla.org/en-US/docs/Web/HTTP/Status/403
Sub-sitemap 실패 (https://www.lg.com/ee/sitemap.xml): Client error '403 Forbidden' for url 'https://www.lg.com/ee/sitemap.xml'
For more information check: https://developer.mozilla.org/en-US/docs/Web/HTTP/Status/403
Sub-sitemap 실패 (https://www.lg.com/ee/sitemap-cs.xml): Client error '403 Forbidden' for url 'https://www.lg.com/ee/sitemap-cs.xml'
For more information check: https://developer.mozilla.org/en-US/docs/Web/HTTP/Status/403
Sub-sitemap 실패 (https://www.lg.com/global/sitemap.xml): Client error '403 Forbidden' for url 'https://www.lg.com/global/sitemap.xml'
For more information check: https://developer.mozilla.org/en-US/docs/Web/HTTP/Status/403
Sub-sitemap 실패 (https://www.lg.com/global/mobility/sitemap.xml): Client error '403 Forbidden' for url 'https://www.lg.com/global/mobility/sitemap.xml'
For more information check: https://developer.mozilla.org/en-US/docs/Web/HTTP/Status/403
Sub-sitemap 실패 (https://www.lg.com/dk/sitemap.xml): Client error '403 Forbidden' for url 'https://www.lg.com/dk/sitemap.xml'
For more information check: https://developer.mozilla.org/en-US/docs/Web/HTTP/Status/403
Sub-sitemap 실패 (https://www.lg.com/dk/sitemap-cs.xml): Client error '403 Forbidden' for url 'https://www.lg.com/dk/sitemap-cs.xml'
For more information check: https://developer.mozilla.org/en-US/docs/Web/HTTP/Status/403
Sub-sitemap 실패 (https://www.lg.com/global/sitemap-cs.xml): Client error '403 Forbidden' for url 'https://www.lg.com/global/sitemap-cs.xml'
For more information check: https://developer.mozilla.org/en-US/docs/Web/HTTP/Status/403
Sub-sitemap 실패 (https://www.lg.com/hu/sitemap.xml): Client error '403 Forbidden' for url 'https://www.lg.com/hu/sitemap.xml'
For more information check: https://developer.mozilla.org/en-US/docs/Web/HTTP/Status/403
Sub-sitemap 실패 (https://www.lg.com/dk/dk-sitemap-hreflang.xml): Client error '403 Forbidden' for url 'https://www.lg.com/dk/dk-sitemap-hreflang.xml'
For more information check: https://developer.mozilla.org/en-US/docs/Web/HTTP/Status/403
Sub-sitemap 실패 (https://www.lg.com/dk/dk-pdp-sitemap-hreflang.xml): Client error '403 Forbidden' for url 'https://www.lg.com/dk/dk-pdp-sitemap-hreflang.xml'
For more information check: https://developer.mozilla.org/en-US/docs/Web/HTTP/Status/403
Sub-sitemap 실패 (https://www.lg.com/hu/sitemap-cs.xml): Client error '403 Forbidden' for url 'https://www.lg.com/hu/sitemap-cs.xml'
For more information check: https://developer.mozilla.org/en-US/docs/Web/HTTP/Status/403
Sub-sitemap 실패 (https://www.lg.com/hu/hu-sitemap-hreflang.xml): Client error '403 Forbidden' for url 'https://www.lg.com/hu/hu-sitemap-hreflang.xml'
For more information check: https://developer.mozilla.org/en-US/docs/Web/HTTP/Status/403
Sub-sitemap 실패 (https://www.lg.com/hu/hu-pdp-sitemap-hreflang.xml): Client error '403 Forbidden' for url 'https://www.lg.com/hu/hu-pdp-sitemap-hreflang.xml'
For more information check: https://developer.mozilla.org/en-US/docs/Web/HTTP/Status/403
Sub-sitemap 실패 (https://www.lg.com/il/sitemap.xml): Client error '403 Forbidden' for url 'https://www.lg.com/il/sitemap.xml'
For more information check: https://developer.mozilla.org/en-US/docs/Web/HTTP/Status/403
Sub-sitemap 실패 (https://www.lg.com/hu/hu-lg-experience-sitemap-hreflang.xml): Client error '403 Forbidden' for url 'https://www.lg.com/hu/hu-lg-experience-sitemap-hreflang.xml'
For more information check: https://developer.mozilla.org/en-US/docs/Web/HTTP/Status/403
Sub-sitemap 실패 (https://www.lg.com/il/sitemap-cs.xml): Client error '403 Forbidden' for url 'https://www.lg.com/il/sitemap-cs.xml'
For more information check: https://developer.mozilla.org/en-US/docs/Web/HTTP/Status/403
Sub-sitemap 실패 (https://www.lg.com/il/business/sitemap.xml): Client error '403 Forbidden' for url 'https://www.lg.com/il/business/sitemap.xml'
For more information check: https://developer.mozilla.org/en-US/docs/Web/HTTP/Status/403
Sub-sitemap 실패 (https://www.lg.com/id/sitemap-cs.xml): Client error '403 Forbidden' for url 'https://www.lg.com/id/sitemap-cs.xml'
For more information check: https://developer.mozilla.org/en-US/docs/Web/HTTP/Status/403
Sub-sitemap 실패 (https://www.lg.com/id/sitemap.xml): Client error '403 Forbidden' for url 'https://www.lg.com/id/sitemap.xml'
For more information check: https://developer.mozilla.org/en-US/docs/Web/HTTP/Status/403
Sub-sitemap 실패 (https://www.lg.com/id/id-sitemap-hreflang.xml): Client error '403 Forbidden' for url 'https://www.lg.com/id/id-sitemap-hreflang.xml'
For more information check: https://developer.mozilla.org/en-US/docs/Web/HTTP/Status/403
Sub-sitemap 실패 (https://www.lg.com/id/id-pdp-sitemap-hreflang.xml): Client error '403 Forbidden' for url 'https://www.lg.com/id/id-pdp-sitemap-hreflang.xml'
For more information check: https://developer.mozilla.org/en-US/docs/Web/HTTP/Status/403
Sub-sitemap 실패 (https://www.lg.com/id/id-lg-experience-sitemap-hreflang.xml): Client error '403 Forbidden' for url 'https://www.lg.com/id/id-lg-experience-sitemap-hreflang.xml'
For more information check: https://developer.mozilla.org/en-US/docs/Web/HTTP/Status/403
Sub-sitemap 실패 (https://www.lg.com/in/sitemap.xml): Client error '403 Forbidden' for url 'https://www.lg.com/in/sitemap.xml'
For more information check: https://developer.mozilla.org/en-US/docs/Web/HTTP/Status/403
Sub-sitemap 실패 (https://www.lg.com/in/sitemap-cs.xml): Client error '403 Forbidden' for url 'https://www.lg.com/in/sitemap-cs.xml'
For more information check: https://developer.mozilla.org/en-US/docs/Web/HTTP/Status/403
Sub-sitemap 실패 (https://www.lg.com/in/in-sitemap-hreflang.xml): Client error '403 Forbidden' for url 'https://www.lg.com/in/in-sitemap-hreflang.xml'
For more information check: https://developer.mozilla.org/en-US/docs/Web/HTTP/Status/403
Sub-sitemap 실패 (https://www.lg.com/in/in-pdp-sitemap-hreflang.xml): Client error '403 Forbidden' for url 'https://www.lg.com/in/in-pdp-sitemap-hreflang.xml'
For more information check: https://developer.mozilla.org/en-US/docs/Web/HTTP/Status/403
Sub-sitemap 실패 (https://www.lg.com/in/business/sitemap.xml): Client error '403 Forbidden' for url 'https://www.lg.com/in/business/sitemap.xml'
For more information check: https://developer.mozilla.org/en-US/docs/Web/HTTP/Status/403
Sub-sitemap 실패 (https://www.lg.com/ir/sitemap.xml): Client error '403 Forbidden' for url 'https://www.lg.com/ir/sitemap.xml'
For more information check: https://developer.mozilla.org/en-US/docs/Web/HTTP/Status/403
Sub-sitemap 실패 (https://www.lg.com/sitemap.xml): Client error '403 Forbidden' for url 'https://www.lg.com/sitemap.xml'
For more information check: https://developer.mozilla.org/en-US/docs/Web/HTTP/Status/403
Sub-sitemap 실패 (https://www.lg.com/ir/sitemap-cs.xml): Client error '403 Forbidden' for url 'https://www.lg.com/ir/sitemap-cs.xml'
For more information check: https://developer.mozilla.org/en-US/docs/Web/HTTP/Status/403
Sub-sitemap 실패 (https://www.lg.com/ir/business/sitemap.xml): Client error '403 Forbidden' for url 'https://www.lg.com/ir/business/sitemap.xml'
For more information check: https://developer.mozilla.org/en-US/docs/Web/HTTP/Status/403
Sub-sitemap 실패 (https://www.lg.com/jp/sitemap.xml): Client error '403 Forbidden' for url 'https://www.lg.com/jp/sitemap.xml'
For more information check: https://developer.mozilla.org/en-US/docs/Web/HTTP/Status/403
Sub-sitemap 실패 (https://www.lg.com/jp/sitemap-cs.xml): Client error '403 Forbidden' for url 'https://www.lg.com/jp/sitemap-cs.xml'
For more information check: https://developer.mozilla.org/en-US/docs/Web/HTTP/Status/403
Sub-sitemap 실패 (https://www.lg.com/jp/jp-sitemap-hreflang.xml): Client error '403 Forbidden' for url 'https://www.lg.com/jp/jp-sitemap-hreflang.xml'
For more information check: https://developer.mozilla.org/en-US/docs/Web/HTTP/Status/403
Sub-sitemap 실패 (https://www.lg.com/jp/jp-pdp-sitemap-hreflang.xml): Client error '403 Forbidden' for url 'https://www.lg.com/jp/jp-pdp-sitemap-hreflang.xml'
For more information check: https://developer.mozilla.org/en-US/docs/Web/HTTP/Status/403
Sub-sitemap 실패 (https://www.lg.com/it/sitemap-cs.xml): Client error '403 Forbidden' for url 'https://www.lg.com/it/sitemap-cs.xml'
For more information check: https://developer.mozilla.org/en-US/docs/Web/HTTP/Status/403
Sub-sitemap 실패 (https://www.lg.com/it/it-sitemap-hreflang.xml): Client error '403 Forbidden' for url 'https://www.lg.com/it/it-sitemap-hreflang.xml'
For more information check: https://developer.mozilla.org/en-US/docs/Web/HTTP/Status/403
Sub-sitemap 실패 (https://www.lg.com/it/it-pdp-sitemap-hreflang.xml): Client error '403 Forbidden' for url 'https://www.lg.com/it/it-pdp-sitemap-hreflang.xml'
For more information check: https://developer.mozilla.org/en-US/docs/Web/HTTP/Status/403
Sub-sitemap 실패 (https://www.lg.com/it/it-lg-magazine-sitemap-hreflang.xml): Client error '403 Forbidden' for url 'https://www.lg.com/it/it-lg-magazine-sitemap-hreflang.xml'
For more information check: https://developer.mozilla.org/en-US/docs/Web/HTTP/Status/403
Sub-sitemap 실패 (https://www.lg.com/levant_ar/sitemap.xml): Client error '403 Forbidden' for url 'https://www.lg.com/levant_ar/sitemap.xml'
For more information check: https://developer.mozilla.org/en-US/docs/Web/HTTP/Status/403
Sub-sitemap 실패 (https://www.lg.com/levant_ar/sitemap-cs.xml): Client error '403 Forbidden' for url 'https://www.lg.com/levant_ar/sitemap-cs.xml'
For more information check: https://developer.mozilla.org/en-US/docs/Web/HTTP/Status/403
Sub-sitemap 실패 (https://www.lg.com/levant_ar/business/sitemap.xml): Client error '403 Forbidden' for url 'https://www.lg.com/levant_ar/business/sitemap.xml'
For more information check: https://developer.mozilla.org/en-US/docs/Web/HTTP/Status/403
Sub-sitemap 실패 (https://www.lg.com/levant_en/sitemap.xml): Client error '403 Forbidden' for url 'https://www.lg.com/levant_en/sitemap.xml'
For more information check: https://developer.mozilla.org/en-US/docs/Web/HTTP/Status/403
Sub-sitemap 실패 (https://www.lg.com/levant_en/sitemap-cs.xml): Client error '403 Forbidden' for url 'https://www.lg.com/levant_en/sitemap-cs.xml'
For more information check: https://developer.mozilla.org/en-US/docs/Web/HTTP/Status/403
Sub-sitemap 실패 (https://www.lg.com/levant_en/business/sitemap.xml): Client error '403 Forbidden' for url 'https://www.lg.com/levant_en/business/sitemap.xml'
For more information check: https://developer.mozilla.org/en-US/docs/Web/HTTP/Status/403
Sub-sitemap 실패 (https://www.lg.com/lk/sitemap.xml): Client error '403 Forbidden' for url 'https://www.lg.com/lk/sitemap.xml'
For more information check: https://developer.mozilla.org/en-US/docs/Web/HTTP/Status/403
Sub-sitemap 실패 (https://www.lg.com/lk/sitemap-cs.xml): Client error '403 Forbidden' for url 'https://www.lg.com/lk/sitemap-cs.xml'
For more information check: https://developer.mozilla.org/en-US/docs/Web/HTTP/Status/403
Sub-sitemap 실패 (https://www.lg.com/lk/business/sitemap.xml): Client error '403 Forbidden' for url 'https://www.lg.com/lk/business/sitemap.xml'
For more information check: https://developer.mozilla.org/en-US/docs/Web/HTTP/Status/403
Sub-sitemap 실패 (https://www.lg.com/lt/sitemap.xml): Client error '403 Forbidden' for url 'https://www.lg.com/lt/sitemap.xml'
For more information check: https://developer.mozilla.org/en-US/docs/Web/HTTP/Status/403
Sub-sitemap 실패 (https://www.lg.com/lt/sitemap-cs.xml): Client error '403 Forbidden' for url 'https://www.lg.com/lt/sitemap-cs.xml'
For more information check: https://developer.mozilla.org/en-US/docs/Web/HTTP/Status/403
Sub-sitemap 실패 (https://www.lg.com/lv/sitemap-cs.xml): Client error '403 Forbidden' for url 'https://www.lg.com/lv/sitemap-cs.xml'
For more information check: https://developer.mozilla.org/en-US/docs/Web/HTTP/Status/403
Sub-sitemap 실패 (https://www.lg.com/lv/sitemap.xml): Client error '403 Forbidden' for url 'https://www.lg.com/lv/sitemap.xml'
For more information check: https://developer.mozilla.org/en-US/docs/Web/HTTP/Status/403
Sub-sitemap 실패 (https://www.lg.com/kz/sitemap.xml): Client error '403 Forbidden' for url 'https://www.lg.com/kz/sitemap.xml'
For more information check: https://developer.mozilla.org/en-US/docs/Web/HTTP/Status/403
Sub-sitemap 실패 (https://www.lg.com/kz/sitemap-cs.xml): Client error '403 Forbidden' for url 'https://www.lg.com/kz/sitemap-cs.xml'
For more information check: https://developer.mozilla.org/en-US/docs/Web/HTTP/Status/403
Sub-sitemap 실패 (https://www.lg.com/kz/kz-sitemap-hreflang.xml): Client error '403 Forbidden' for url 'https://www.lg.com/kz/kz-sitemap-hreflang.xml'
For more information check: https://developer.mozilla.org/en-US/docs/Web/HTTP/Status/403
Sub-sitemap 실패 (https://www.lg.com/kz/kz-pdp-sitemap-hreflang.xml): Client error '403 Forbidden' for url 'https://www.lg.com/kz/kz-pdp-sitemap-hreflang.xml'
For more information check: https://developer.mozilla.org/en-US/docs/Web/HTTP/Status/403
Sub-sitemap 실패 (https://www.lg.com/mx/sitemap.xml): Client error '403 Forbidden' for url 'https://www.lg.com/mx/sitemap.xml'
For more information check: https://developer.mozilla.org/en-US/docs/Web/HTTP/Status/403
Sub-sitemap 실패 (https://www.lg.com/mx/sitemap-cs.xml): Client error '403 Forbidden' for url 'https://www.lg.com/mx/sitemap-cs.xml'
For more information check: https://developer.mozilla.org/en-US/docs/Web/HTTP/Status/403
Sub-sitemap 실패 (https://www.lg.com/mx/mx-sitemap-hreflang.xml): Client error '403 Forbidden' for url 'https://www.lg.com/mx/mx-sitemap-hreflang.xml'
For more information check: https://developer.mozilla.org/en-US/docs/Web/HTTP/Status/403
Sub-sitemap 실패 (https://www.lg.com/mx/mx-pdp-sitemap-hreflang.xml): Client error '403 Forbidden' for url 'https://www.lg.com/mx/mx-pdp-sitemap-hreflang.xml'
For more information check: https://developer.mozilla.org/en-US/docs/Web/HTTP/Status/403
Sub-sitemap 실패 (https://www.lg.com/my/sitemap-cs.xml): Client error '403 Forbidden' for url 'https://www.lg.com/my/sitemap-cs.xml'
For more information check: https://developer.mozilla.org/en-US/docs/Web/HTTP/Status/403
Sub-sitemap 실패 (https://www.lg.com/my/sitemap.xml): Client error '403 Forbidden' for url 'https://www.lg.com/my/sitemap.xml'
For more information check: https://developer.mozilla.org/en-US/docs/Web/HTTP/Status/403
Sub-sitemap 실패 (https://www.lg.com/my/my-sitemap-hreflang.xml): Client error '403 Forbidden' for url 'https://www.lg.com/my/my-sitemap-hreflang.xml'
For more information check: https://developer.mozilla.org/en-US/docs/Web/HTTP/Status/403
Sub-sitemap 실패 (https://www.lg.com/my/my-pdp-sitemap-hreflang.xml): Client error '403 Forbidden' for url 'https://www.lg.com/my/my-pdp-sitemap-hreflang.xml'
For more information check: https://developer.mozilla.org/en-US/docs/Web/HTTP/Status/403
Sub-sitemap 실패 (https://www.lg.com/my/my-lg-experience-sitemap-hreflang.xml): Client error '403 Forbidden' for url 'https://www.lg.com/my/my-lg-experience-sitemap-hreflang.xml'
For more information check: https://developer.mozilla.org/en-US/docs/Web/HTTP/Status/403
Sub-sitemap 실패 (https://www.lg.com/ma/sitemap.xml): Client error '403 Forbidden' for url 'https://www.lg.com/ma/sitemap.xml'
For more information check: https://developer.mozilla.org/en-US/docs/Web/HTTP/Status/403
Sub-sitemap 실패 (https://www.lg.com/ma/sitemap-cs.xml): Client error '403 Forbidden' for url 'https://www.lg.com/ma/sitemap-cs.xml'
For more information check: https://developer.mozilla.org/en-US/docs/Web/HTTP/Status/403
Sub-sitemap 실패 (https://www.lg.com/ma/ma-sitemap-hreflang.xml): Client error '403 Forbidden' for url 'https://www.lg.com/ma/ma-sitemap-hreflang.xml'
For more information check: https://developer.mozilla.org/en-US/docs/Web/HTTP/Status/403
Sub-sitemap 실패 (https://www.lg.com/ma/ma-pdp-sitemap-hreflang.xml): Client error '403 Forbidden' for url 'https://www.lg.com/ma/ma-pdp-sitemap-hreflang.xml'
For more information check: https://developer.mozilla.org/en-US/docs/Web/HTTP/Status/403
Sub-sitemap 실패 (https://www.lg.com/ma/ma-lg-experience-sitemap-hreflang.xml): Client error '403 Forbidden' for url 'https://www.lg.com/ma/ma-lg-experience-sitemap-hreflang.xml'
For more information check: https://developer.mozilla.org/en-US/docs/Web/HTTP/Status/403
Sub-sitemap 실패 (https://www.lg.com/no/sitemap.xml): Client error '403 Forbidden' for url 'https://www.lg.com/no/sitemap.xml'
For more information check: https://developer.mozilla.org/en-US/docs/Web/HTTP/Status/403
Sub-sitemap 실패 (https://www.lg.com/np/sitemap.xml): Client error '403 Forbidden' for url 'https://www.lg.com/np/sitemap.xml'
For more information check: https://developer.mozilla.org/en-US/docs/Web/HTTP/Status/403
Sub-sitemap 실패 (https://www.lg.com/no/sitemap-cs.xml): Client error '403 Forbidden' for url 'https://www.lg.com/no/sitemap-cs.xml'
For more information check: https://developer.mozilla.org/en-US/docs/Web/HTTP/Status/403
Sub-sitemap 실패 (https://www.lg.com/np/sitemap-cs.xml): Client error '403 Forbidden' for url 'https://www.lg.com/np/sitemap-cs.xml'
For more information check: https://developer.mozilla.org/en-US/docs/Web/HTTP/Status/403
Sub-sitemap 실패 (https://www.lg.com/np/business/sitemap.xml): Client error '403 Forbidden' for url 'https://www.lg.com/np/business/sitemap.xml'
For more information check: https://developer.mozilla.org/en-US/docs/Web/HTTP/Status/403
Sub-sitemap 실패 (https://www.lg.com/nz/sitemap-cs.xml): Client error '403 Forbidden' for url 'https://www.lg.com/nz/sitemap-cs.xml'
For more information check: https://developer.mozilla.org/en-US/docs/Web/HTTP/Status/403
Sub-sitemap 실패 (https://www.lg.com/nz/sitemap.xml): Client error '403 Forbidden' for url 'https://www.lg.com/nz/sitemap.xml'
For more information check: https://developer.mozilla.org/en-US/docs/Web/HTTP/Status/403
Sub-sitemap 실패 (https://www.lg.com/nz/nz-pdp-sitemap-hreflang.xml): Client error '403 Forbidden' for url 'https://www.lg.com/nz/nz-pdp-sitemap-hreflang.xml'
For more information check: https://developer.mozilla.org/en-US/docs/Web/HTTP/Status/403
Sub-sitemap 실패 (https://www.lg.com/nz/nz-sitemap-hreflang.xml): Client error '403 Forbidden' for url 'https://www.lg.com/nz/nz-sitemap-hreflang.xml'
For more information check: https://developer.mozilla.org/en-US/docs/Web/HTTP/Status/403
Sub-sitemap 실패 (https://www.lg.com/pe/sitemap.xml): Client error '403 Forbidden' for url 'https://www.lg.com/pe/sitemap.xml'
For more information check: https://developer.mozilla.org/en-US/docs/Web/HTTP/Status/403
Sub-sitemap 실패 (https://www.lg.com/pe/sitemap-cs.xml): Client error '403 Forbidden' for url 'https://www.lg.com/pe/sitemap-cs.xml'
For more information check: https://developer.mozilla.org/en-US/docs/Web/HTTP/Status/403
Sub-sitemap 실패 (https://www.lg.com/pe/pe-sitemap-hreflang.xml): Client error '403 Forbidden' for url 'https://www.lg.com/pe/pe-sitemap-hreflang.xml'
For more information check: https://developer.mozilla.org/en-US/docs/Web/HTTP/Status/403
Sub-sitemap 실패 (https://www.lg.com/pe/pe-pdp-sitemap-hreflang.xml): Client error '403 Forbidden' for url 'https://www.lg.com/pe/pe-pdp-sitemap-hreflang.xml'
For more information check: https://developer.mozilla.org/en-US/docs/Web/HTTP/Status/403
Sub-sitemap 실패 (https://www.lg.com/pa/sitemap-cs.xml): Client error '403 Forbidden' for url 'https://www.lg.com/pa/sitemap-cs.xml'
For more information check: https://developer.mozilla.org/en-US/docs/Web/HTTP/Status/403
Sub-sitemap 실패 (https://www.lg.com/pa/sitemap.xml): Client error '403 Forbidden' for url 'https://www.lg.com/pa/sitemap.xml'
For more information check: https://developer.mozilla.org/en-US/docs/Web/HTTP/Status/403
Sub-sitemap 실패 (https://www.lg.com/pa/pa-sitemap-hreflang.xml): Client error '403 Forbidden' for url 'https://www.lg.com/pa/pa-sitemap-hreflang.xml'
For more information check: https://developer.mozilla.org/en-US/docs/Web/HTTP/Status/403
Sub-sitemap 실패 (https://www.lg.com/pa/pa-pdp-sitemap-hreflang.xml): Client error '403 Forbidden' for url 'https://www.lg.com/pa/pa-pdp-sitemap-hreflang.xml'
For more information check: https://developer.mozilla.org/en-US/docs/Web/HTTP/Status/403
Sub-sitemap 실패 (https://www.lg.com/pl/sitemap-cs.xml): Client error '403 Forbidden' for url 'https://www.lg.com/pl/sitemap-cs.xml'
For more information check: https://developer.mozilla.org/en-US/docs/Web/HTTP/Status/403
Sub-sitemap 실패 (https://www.lg.com/pl/sitemap.xml): Client error '403 Forbidden' for url 'https://www.lg.com/pl/sitemap.xml'
For more information check: https://developer.mozilla.org/en-US/docs/Web/HTTP/Status/403
Sub-sitemap 실패 (https://www.lg.com/pl/pl-sitemap-hreflang.xml): Client error '403 Forbidden' for url 'https://www.lg.com/pl/pl-sitemap-hreflang.xml'
For more information check: https://developer.mozilla.org/en-US/docs/Web/HTTP/Status/403
Sub-sitemap 실패 (https://www.lg.com/pl/pl-pdp-sitemap-hreflang.xml): Client error '403 Forbidden' for url 'https://www.lg.com/pl/pl-pdp-sitemap-hreflang.xml'
For more information check: https://developer.mozilla.org/en-US/docs/Web/HTTP/Status/403
Sub-sitemap 실패 (https://www.lg.com/pl/pl-lg-experience-sitemap-hreflang.xml): Client error '403 Forbidden' for url 'https://www.lg.com/pl/pl-lg-experience-sitemap-hreflang.xml'
For more information check: https://developer.mozilla.org/en-US/docs/Web/HTTP/Status/403
Sub-sitemap 실패 (https://www.lg.com/ph/sitemap-cs.xml): Client error '403 Forbidden' for url 'https://www.lg.com/ph/sitemap-cs.xml'
For more information check: https://developer.mozilla.org/en-US/docs/Web/HTTP/Status/403
Sub-sitemap 실패 (https://www.lg.com/ph/sitemap.xml): Client error '403 Forbidden' for url 'https://www.lg.com/ph/sitemap.xml'
For more information check: https://developer.mozilla.org/en-US/docs/Web/HTTP/Status/403
Sub-sitemap 실패 (https://www.lg.com/ph/ph-sitemap-hreflang.xml): Client error '403 Forbidden' for url 'https://www.lg.com/ph/ph-sitemap-hreflang.xml'
For more information check: https://developer.mozilla.org/en-US/docs/Web/HTTP/Status/403
Sub-sitemap 실패 (https://www.lg.com/ph/ph-lg-experience-sitemap-hreflang.xml): Client error '403 Forbidden' for url 'https://www.lg.com/ph/ph-lg-experience-sitemap-hreflang.xml'
For more information check: https://developer.mozilla.org/en-US/docs/Web/HTTP/Status/403
Sub-sitemap 실패 (https://www.lg.com/ph/ph-pdp-sitemap-hreflang.xml): Client error '403 Forbidden' for url 'https://www.lg.com/ph/ph-pdp-sitemap-hreflang.xml'
For more information check: https://developer.mozilla.org/en-US/docs/Web/HTTP/Status/403
Sub-sitemap 실패 (https://www.lg.com/ro/sitemap.xml): Client error '403 Forbidden' for url 'https://www.lg.com/ro/sitemap.xml'
For more information check: https://developer.mozilla.org/en-US/docs/Web/HTTP/Status/403
Sub-sitemap 실패 (https://www.lg.com/ro/sitemap-cs.xml): Client error '403 Forbidden' for url 'https://www.lg.com/ro/sitemap-cs.xml'
For more information check: https://developer.mozilla.org/en-US/docs/Web/HTTP/Status/403
Sub-sitemap 실패 (https://www.lg.com/rs/sitemap.xml): Client error '403 Forbidden' for url 'https://www.lg.com/rs/sitemap.xml'
For more information check: https://developer.mozilla.org/en-US/docs/Web/HTTP/Status/403
Sub-sitemap 실패 (https://www.lg.com/rs/sitemap-cs.xml): Client error '403 Forbidden' for url 'https://www.lg.com/rs/sitemap-cs.xml'
For more information check: https://developer.mozilla.org/en-US/docs/Web/HTTP/Status/403
Sub-sitemap 실패 (https://www.lg.com/ru/sitemap.xml): Client error '403 Forbidden' for url 'https://www.lg.com/ru/sitemap.xml'
For more information check: https://developer.mozilla.org/en-US/docs/Web/HTTP/Status/403
Sub-sitemap 실패 (https://www.lg.com/ru/sitemap-cs.xml): Client error '403 Forbidden' for url 'https://www.lg.com/ru/sitemap-cs.xml'
For more information check: https://developer.mozilla.org/en-US/docs/Web/HTTP/Status/403
Sub-sitemap 실패 (https://www.lg.com/ru/business/sitemap.xml): Client error '403 Forbidden' for url 'https://www.lg.com/ru/business/sitemap.xml'
For more information check: https://developer.mozilla.org/en-US/docs/Web/HTTP/Status/403
Sub-sitemap 실패 (https://www.lg.com/ru/lg-signature/sitemap.xml): Client error '403 Forbidden' for url 'https://www.lg.com/ru/lg-signature/sitemap.xml'
For more information check: https://developer.mozilla.org/en-US/docs/Web/HTTP/Status/403
Sub-sitemap 실패 (https://www.lg.com/sa/sitemap.xml): Client error '403 Forbidden' for url 'https://www.lg.com/sa/sitemap.xml'
For more information check: https://developer.mozilla.org/en-US/docs/Web/HTTP/Status/403
Sub-sitemap 실패 (https://www.lg.com/sa/sa-sitemap-hreflang.xml): Client error '403 Forbidden' for url 'https://www.lg.com/sa/sa-sitemap-hreflang.xml'
For more information check: https://developer.mozilla.org/en-US/docs/Web/HTTP/Status/403
Sub-sitemap 실패 (https://www.lg.com/sa/sitemap-cs.xml): Client error '403 Forbidden' for url 'https://www.lg.com/sa/sitemap-cs.xml'
For more information check: https://developer.mozilla.org/en-US/docs/Web/HTTP/Status/403
Sub-sitemap 실패 (https://www.lg.com/sa/sa-pdp-sitemap-hreflang.xml): Client error '403 Forbidden' for url 'https://www.lg.com/sa/sa-pdp-sitemap-hreflang.xml'
For more information check: https://developer.mozilla.org/en-US/docs/Web/HTTP/Status/403
Sub-sitemap 실패 (https://www.lg.com/sa/business/sitemap.xml): Client error '403 Forbidden' for url 'https://www.lg.com/sa/business/sitemap.xml'
For more information check: https://developer.mozilla.org/en-US/docs/Web/HTTP/Status/403
Sub-sitemap 실패 (https://www.lg.com/pt/sitemap.xml): Client error '403 Forbidden' for url 'https://www.lg.com/pt/sitemap.xml'
For more information check: https://developer.mozilla.org/en-US/docs/Web/HTTP/Status/403
Sub-sitemap 실패 (https://www.lg.com/pt/sitemap-cs.xml): Client error '403 Forbidden' for url 'https://www.lg.com/pt/sitemap-cs.xml'
For more information check: https://developer.mozilla.org/en-US/docs/Web/HTTP/Status/403
Sub-sitemap 실패 (https://www.lg.com/pt/pt-sitemap-hreflang.xml): Client error '403 Forbidden' for url 'https://www.lg.com/pt/pt-sitemap-hreflang.xml'
For more information check: https://developer.mozilla.org/en-US/docs/Web/HTTP/Status/403
Sub-sitemap 실패 (https://www.lg.com/pt/pt-pdp-sitemap-hreflang.xml): Client error '403 Forbidden' for url 'https://www.lg.com/pt/pt-pdp-sitemap-hreflang.xml'
For more information check: https://developer.mozilla.org/en-US/docs/Web/HTTP/Status/403
Sub-sitemap 실패 (https://www.lg.com/pt/pt-lg-experience-sitemap-hreflang.xml): Client error '403 Forbidden' for url 'https://www.lg.com/pt/pt-lg-experience-sitemap-hreflang.xml'
For more information check: https://developer.mozilla.org/en-US/docs/Web/HTTP/Status/403
Sub-sitemap 실패 (https://www.lg.com/sa_en/sitemap-cs.xml): Client error '403 Forbidden' for url 'https://www.lg.com/sa_en/sitemap-cs.xml'
For more information check: https://developer.mozilla.org/en-US/docs/Web/HTTP/Status/403
Sub-sitemap 실패 (https://www.lg.com/sa_en/sitemap.xml): Client error '403 Forbidden' for url 'https://www.lg.com/sa_en/sitemap.xml'
For more information check: https://developer.mozilla.org/en-US/docs/Web/HTTP/Status/403
Sub-sitemap 실패 (https://www.lg.com/sa_en/sa_en-sitemap-hreflang.xml): Client error '403 Forbidden' for url 'https://www.lg.com/sa_en/sa_en-sitemap-hreflang.xml'
For more information check: https://developer.mozilla.org/en-US/docs/Web/HTTP/Status/403
Sub-sitemap 실패 (https://www.lg.com/sa_en/sa_en-pdp-sitemap-hreflang.xml): Client error '403 Forbidden' for url 'https://www.lg.com/sa_en/sa_en-pdp-sitemap-hreflang.xml'
For more information check: https://developer.mozilla.org/en-US/docs/Web/HTTP/Status/403
Sub-sitemap 실패 (https://www.lg.com/sa_en/business/sitemap.xml): Client error '403 Forbidden' for url 'https://www.lg.com/sa_en/business/sitemap.xml'
For more information check: https://developer.mozilla.org/en-US/docs/Web/HTTP/Status/403
Sub-sitemap 실패 (https://www.lg.com/se/sitemap-cs.xml): Client error '403 Forbidden' for url 'https://www.lg.com/se/sitemap-cs.xml'
For more information check: https://developer.mozilla.org/en-US/docs/Web/HTTP/Status/403
Sub-sitemap 실패 (https://www.lg.com/se/sitemap.xml): Client error '403 Forbidden' for url 'https://www.lg.com/se/sitemap.xml'
For more information check: https://developer.mozilla.org/en-US/docs/Web/HTTP/Status/403
Sub-sitemap 실패 (https://www.lg.com/se/se-sitemap-hreflang.xml): Client error '403 Forbidden' for url 'https://www.lg.com/se/se-sitemap-hreflang.xml'
For more information check: https://developer.mozilla.org/en-US/docs/Web/HTTP/Status/403
Sub-sitemap 실패 (https://www.lg.com/se/se-pdp-sitemap-hreflang.xml): Client error '403 Forbidden' for url 'https://www.lg.com/se/se-pdp-sitemap-hreflang.xml'
For more information check: https://developer.mozilla.org/en-US/docs/Web/HTTP/Status/403
Sub-sitemap 실패 (https://www.lg.com/se/se-lg-experience-sitemap-hreflang.xml): Client error '403 Forbidden' for url 'https://www.lg.com/se/se-lg-experience-sitemap-hreflang.xml'
For more information check: https://developer.mozilla.org/en-US/docs/Web/HTTP/Status/403
Sub-sitemap 실패 (https://www.lg.com/sk/sitemap-cs.xml): Client error '403 Forbidden' for url 'https://www.lg.com/sk/sitemap-cs.xml'
For more information check: https://developer.mozilla.org/en-US/docs/Web/HTTP/Status/403
Sub-sitemap 실패 (https://www.lg.com/sk/sitemap.xml): Client error '403 Forbidden' for url 'https://www.lg.com/sk/sitemap.xml'
For more information check: https://developer.mozilla.org/en-US/docs/Web/HTTP/Status/403
Sub-sitemap 실패 (https://www.lg.com/sg/sitemap-cs.xml): Client error '403 Forbidden' for url 'https://www.lg.com/sg/sitemap-cs.xml'
For more information check: https://developer.mozilla.org/en-US/docs/Web/HTTP/Status/403
Sub-sitemap 실패 (https://www.lg.com/sg/sitemap.xml): Client error '403 Forbidden' for url 'https://www.lg.com/sg/sitemap.xml'
For more information check: https://developer.mozilla.org/en-US/docs/Web/HTTP/Status/403
Sub-sitemap 실패 (https://www.lg.com/sg/sg-sitemap-hreflang.xml): Client error '403 Forbidden' for url 'https://www.lg.com/sg/sg-sitemap-hreflang.xml'
For more information check: https://developer.mozilla.org/en-US/docs/Web/HTTP/Status/403
Sub-sitemap 실패 (https://www.lg.com/sg/sg-pdp-sitemap-hreflang.xml): Client error '403 Forbidden' for url 'https://www.lg.com/sg/sg-pdp-sitemap-hreflang.xml'
For more information check: https://developer.mozilla.org/en-US/docs/Web/HTTP/Status/403
Sub-sitemap 실패 (https://www.lg.com/sg/sg-lg-experience-sitemap-hreflang.xml): Client error '403 Forbidden' for url 'https://www.lg.com/sg/sg-lg-experience-sitemap-hreflang.xml'
For more information check: https://developer.mozilla.org/en-US/docs/Web/HTTP/Status/403
Sub-sitemap 실패 (https://www.lg.com/tn/sitemap.xml): Client error '403 Forbidden' for url 'https://www.lg.com/tn/sitemap.xml'
For more information check: https://developer.mozilla.org/en-US/docs/Web/HTTP/Status/403
Sub-sitemap 실패 (https://www.lg.com/tn/sitemap-cs.xml): Client error '403 Forbidden' for url 'https://www.lg.com/tn/sitemap-cs.xml'
For more information check: https://developer.mozilla.org/en-US/docs/Web/HTTP/Status/403
Sub-sitemap 실패 (https://www.lg.com/pl/sitemap.xml): Client error '403 Forbidden' for url 'https://www.lg.com/pl/sitemap.xml'
For more information check: https://developer.mozilla.org/en-US/docs/Web/HTTP/Status/403
Sub-sitemap 실패 (https://www.lg.com/tn/business/sitemap.xml): Client error '403 Forbidden' for url 'https://www.lg.com/tn/business/sitemap.xml'
For more information check: https://developer.mozilla.org/en-US/docs/Web/HTTP/Status/403
Sub-sitemap 실패 (https://www.lg.com/th/sitemap-cs.xml): Client error '403 Forbidden' for url 'https://www.lg.com/th/sitemap-cs.xml'
For more information check: https://developer.mozilla.org/en-US/docs/Web/HTTP/Status/403
Sub-sitemap 실패 (https://www.lg.com/th/sitemap.xml): Client error '403 Forbidden' for url 'https://www.lg.com/th/sitemap.xml'
For more information check: https://developer.mozilla.org/en-US/docs/Web/HTTP/Status/403
Sub-sitemap 실패 (https://www.lg.com/th/th-sitemap-hreflang.xml): Client error '403 Forbidden' for url 'https://www.lg.com/th/th-sitemap-hreflang.xml'
For more information check: https://developer.mozilla.org/en-US/docs/Web/HTTP/Status/403
Sub-sitemap 실패 (https://www.lg.com/th/th-pdp-sitemap-hreflang.xml): Client error '403 Forbidden' for url 'https://www.lg.com/th/th-pdp-sitemap-hreflang.xml'
For more information check: https://developer.mozilla.org/en-US/docs/Web/HTTP/Status/403
Sub-sitemap 실패 (https://www.lg.com/th/th-lg-experience-sitemap-hreflang.xml): Client error '403 Forbidden' for url 'https://www.lg.com/th/th-lg-experience-sitemap-hreflang.xml'
For more information check: https://developer.mozilla.org/en-US/docs/Web/HTTP/Status/403
Sub-sitemap 실패 (https://www.lg.com/tr/sitemap-cs.xml): Client error '403 Forbidden' for url 'https://www.lg.com/tr/sitemap-cs.xml'
For more information check: https://developer.mozilla.org/en-US/docs/Web/HTTP/Status/403
Sub-sitemap 실패 (https://www.lg.com/tr/sitemap.xml): Client error '403 Forbidden' for url 'https://www.lg.com/tr/sitemap.xml'
For more information check: https://developer.mozilla.org/en-US/docs/Web/HTTP/Status/403
Sub-sitemap 실패 (https://www.lg.com/tr/tr-sitemap-hreflang.xml): Client error '403 Forbidden' for url 'https://www.lg.com/tr/tr-sitemap-hreflang.xml'
For more information check: https://developer.mozilla.org/en-US/docs/Web/HTTP/Status/403
Sub-sitemap 실패 (https://www.lg.com/tr/tr-pdp-sitemap-hreflang.xml): Client error '403 Forbidden' for url 'https://www.lg.com/tr/tr-pdp-sitemap-hreflang.xml'
For more information check: https://developer.mozilla.org/en-US/docs/Web/HTTP/Status/403
Sub-sitemap 실패 (https://www.lg.com/ua/sitemap.xml): Client error '403 Forbidden' for url 'https://www.lg.com/ua/sitemap.xml'
For more information check: https://developer.mozilla.org/en-US/docs/Web/HTTP/Status/403
Sub-sitemap 실패 (https://www.lg.com/ua/sitemap-cs.xml): Client error '403 Forbidden' for url 'https://www.lg.com/ua/sitemap-cs.xml'
For more information check: https://developer.mozilla.org/en-US/docs/Web/HTTP/Status/403
Sub-sitemap 실패 (https://www.lg.com/ua/business/sitemap.xml): Client error '403 Forbidden' for url 'https://www.lg.com/ua/business/sitemap.xml'
For more information check: https://developer.mozilla.org/en-US/docs/Web/HTTP/Status/403
Sub-sitemap 실패 (https://www.lg.com/tw/sitemap.xml): Client error '403 Forbidden' for url 'https://www.lg.com/tw/sitemap.xml'
For more information check: https://developer.mozilla.org/en-US/docs/Web/HTTP/Status/403
Sub-sitemap 실패 (https://www.lg.com/tw/sitemap-cs.xml): Client error '403 Forbidden' for url 'https://www.lg.com/tw/sitemap-cs.xml'
For more information check: https://developer.mozilla.org/en-US/docs/Web/HTTP/Status/403
Sub-sitemap 실패 (https://www.lg.com/tw/tw-sitemap-hreflang.xml): Client error '403 Forbidden' for url 'https://www.lg.com/tw/tw-sitemap-hreflang.xml'
For more information check: https://developer.mozilla.org/en-US/docs/Web/HTTP/Status/403
Sub-sitemap 실패 (https://www.lg.com/tw/tw-pdp-sitemap-hreflang.xml): Client error '403 Forbidden' for url 'https://www.lg.com/tw/tw-pdp-sitemap-hreflang.xml'
For more information check: https://developer.mozilla.org/en-US/docs/Web/HTTP/Status/403
Sub-sitemap 실패 (https://www.lg.com/tw/tw-lg-experience-sitemap-hreflang.xml): Client error '403 Forbidden' for url 'https://www.lg.com/tw/tw-lg-experience-sitemap-hreflang.xml'
For more information check: https://developer.mozilla.org/en-US/docs/Web/HTTP/Status/403
Sub-sitemap 실패 (https://www.lg.com/uk/sitemap.xml): Client error '403 Forbidden' for url 'https://www.lg.com/uk/sitemap.xml'
For more information check: https://developer.mozilla.org/en-US/docs/Web/HTTP/Status/403
Sub-sitemap 실패 (https://www.lg.com/uk/sitemap-cs.xml): Client error '403 Forbidden' for url 'https://www.lg.com/uk/sitemap-cs.xml'
For more information check: https://developer.mozilla.org/en-US/docs/Web/HTTP/Status/403
Sub-sitemap 실패 (https://www.lg.com/uk/uk-sitemap-hreflang.xml): Client error '403 Forbidden' for url 'https://www.lg.com/uk/uk-sitemap-hreflang.xml'
For more information check: https://developer.mozilla.org/en-US/docs/Web/HTTP/Status/403
Sub-sitemap 실패 (https://www.lg.com/uk/uk-pdp-sitemap-hreflang.xml): Client error '403 Forbidden' for url 'https://www.lg.com/uk/uk-pdp-sitemap-hreflang.xml'
For more information check: https://developer.mozilla.org/en-US/docs/Web/HTTP/Status/403
Sub-sitemap 실패 (https://www.lg.com/uz/sitemap.xml): Client error '403 Forbidden' for url 'https://www.lg.com/uz/sitemap.xml'
For more information check: https://developer.mozilla.org/en-US/docs/Web/HTTP/Status/403
Sub-sitemap 실패 (https://www.lg.com/uk/uk-lg-experience-sitemap-hreflang.xml): Client error '403 Forbidden' for url 'https://www.lg.com/uk/uk-lg-experience-sitemap-hreflang.xml'
For more information check: https://developer.mozilla.org/en-US/docs/Web/HTTP/Status/403
Sub-sitemap 실패 (https://www.lg.com/uz/sitemap-cs.xml): Client error '403 Forbidden' for url 'https://www.lg.com/uz/sitemap-cs.xml'
For more information check: https://developer.mozilla.org/en-US/docs/Web/HTTP/Status/403
Sub-sitemap 실패 (https://www.lg.com/uz/business/sitemap.xml): Client error '403 Forbidden' for url 'https://www.lg.com/uz/business/sitemap.xml'
For more information check: https://developer.mozilla.org/en-US/docs/Web/HTTP/Status/403
Sub-sitemap 실패 (https://www.lg.com/uz_ru/sitemap.xml): Client error '403 Forbidden' for url 'https://www.lg.com/uz_ru/sitemap.xml'
For more information check: https://developer.mozilla.org/en-US/docs/Web/HTTP/Status/403
Sub-sitemap 실패 (https://www.lg.com/uz_ru/sitemap-cs.xml): Client error '403 Forbidden' for url 'https://www.lg.com/uz_ru/sitemap-cs.xml'
For more information check: https://developer.mozilla.org/en-US/docs/Web/HTTP/Status/403
Sub-sitemap 실패 (https://www.lg.com/uz_ru/business/sitemap.xml): Client error '403 Forbidden' for url 'https://www.lg.com/uz_ru/business/sitemap.xml'
For more information check: https://developer.mozilla.org/en-US/docs/Web/HTTP/Status/403
Sub-sitemap 실패 (https://www.lg.com/vn/sitemap.xml): Client error '403 Forbidden' for url 'https://www.lg.com/vn/sitemap.xml'
For more information check: https://developer.mozilla.org/en-US/docs/Web/HTTP/Status/403
Sub-sitemap 실패 (https://www.lg.com/vn/sitemap-cs.xml): Client error '403 Forbidden' for url 'https://www.lg.com/vn/sitemap-cs.xml'
For more information check: https://developer.mozilla.org/en-US/docs/Web/HTTP/Status/403
Sub-sitemap 실패 (https://www.lg.com/vn/vn-sitemap-hreflang.xml): Client error '403 Forbidden' for url 'https://www.lg.com/vn/vn-sitemap-hreflang.xml'
For more information check: https://developer.mozilla.org/en-US/docs/Web/HTTP/Status/403
Sub-sitemap 실패 (https://www.lg.com/vn/vn-pdp-sitemap-hreflang.xml): Client error '403 Forbidden' for url 'https://www.lg.com/vn/vn-pdp-sitemap-hreflang.xml'
For more information check: https://developer.mozilla.org/en-US/docs/Web/HTTP/Status/403
Sub-sitemap 실패 (https://www.lg.com/vn/vn-lg-experience-sitemap-hreflang.xml): Client error '403 Forbidden' for url 'https://www.lg.com/vn/vn-lg-experience-sitemap-hreflang.xml'
For more information check: https://developer.mozilla.org/en-US/docs/Web/HTTP/Status/403
Sub-sitemap 실패 (https://www.lg.com/pl/sitemap.xml): Client error '403 Forbidden' for url 'https://www.lg.com/pl/sitemap.xml'
For more information check: https://developer.mozilla.org/en-US/docs/Web/HTTP/Status/403
Sub-sitemap 실패 (https://www.lg.com/uk/sitemap.xml): Client error '403 Forbidden' for url 'https://www.lg.com/uk/sitemap.xml'
For more information check: https://developer.mozilla.org/en-US/docs/Web/HTTP/Status/403
Sub-sitemap 실패 (https://www.lg.com/uk/sitemap.xml): Client error '403 Forbidden' for url 'https://www.lg.com/uk/sitemap.xml'
For more information check: https://developer.mozilla.org/en-US/docs/Web/HTTP/Status/403
Sub-sitemap 실패 (https://www.lg.com/de/sitemap.xml): Client error '403 Forbidden' for url 'https://www.lg.com/de/sitemap.xml'
For more information check: https://developer.mozilla.org/en-US/docs/Web/HTTP/Status/403
Sub-sitemap 실패 (https://www.lg.com/de/sitemap.xml): Client error '403 Forbidden' for url 'https://www.lg.com/de/sitemap.xml'
For more information check: https://developer.mozilla.org/en-US/docs/Web/HTTP/Status/403
Sub-sitemap 실패 (https://www.lg.com/ru/sitemap.xml): Client error '403 Forbidden' for url 'https://www.lg.com/ru/sitemap.xml'
For more information check: https://developer.mozilla.org/en-US/docs/Web/HTTP/Status/403
Sub-sitemap 실패 (https://www.lg.com/pl/sitemap.xml): Client error '403 Forbidden' for url 'https://www.lg.com/pl/sitemap.xml'
For more information check: https://developer.mozilla.org/en-US/docs/Web/HTTP/Status/403
Sub-sitemap 실패 (https://www.lg.com/ru/sitemap.xml): Client error '403 Forbidden' for url 'https://www.lg.com/ru/sitemap.xml'
For more information check: https://developer.mozilla.org/en-US/docs/Web/HTTP/Status/403
Sub-sitemap 실패 (https://www.lg.com/uk/sitemap.xml): Client error '403 Forbidden' for url 'https://www.lg.com/uk/sitemap.xml'
For more information check: https://developer.mozilla.org/en-US/docs/Web/HTTP/Status/403
Sub-sitemap 실패 (https://www.lg.com/de/sitemap.xml): Client error '403 Forbidden' for url 'https://www.lg.com/de/sitemap.xml'
For more information check: https://developer.mozilla.org/en-US/docs/Web/HTTP/Status/403
Ollama 호출 실패: 
Sub-sitemap 실패 (https://www.lg.com/ru/sitemap.xml): Client error '403 Forbidden' for url 'https://www.lg.com/ru/sitemap.xml'
For more information check: https://developer.mozilla.org/en-US/docs/Web/HTTP/Status/403
Sub-sitemap 실패 (https://www.lg.com/pl/sitemap.xml): Client error '403 Forbidden' for url 'https://www.lg.com/pl/sitemap.xml'
For more information check: https://developer.mozilla.org/en-US/docs/Web/HTTP/Status/403
Sub-sitemap 실패 (https://www.lg.com/uk/sitemap.xml): Client error '403 Forbidden' for url 'https://www.lg.com/uk/sitemap.xml'
For more information check: https://developer.mozilla.org/en-US/docs/Web/HTTP/Status/403
Sub-sitemap 실패 (https://www.lg.com/de/sitemap.xml): Client error '403 Forbidden' for url 'https://www.lg.com/de/sitemap.xml'
For more information check: https://developer.mozilla.org/en-US/docs/Web/HTTP/Status/403
Sub-sitemap 실패 (https://www.lg.com/ru/sitemap.xml): Client error '403 Forbidden' for url 'https://www.lg.com/ru/sitemap.xml'
For more information check: https://developer.mozilla.org/en-US/docs/Web/HTTP/Status/403
hub sync 실패: Server error '502 Bad Gateway' for url 'https://my-geo-89ft.onrender.com/admin/audit-data'
For more information check: https://developer.mozilla.org/en-US/docs/Web/HTTP/Status/502
hub sync 실패: Server error '502 Bad Gateway' for url 'https://my-geo-89ft.onrender.com/admin/audit-data'
For more information check: https://developer.mozilla.org/en-US/docs/Web/HTTP/Status/502
hub sync 실패: Server error '502 Bad Gateway' for url 'https://my-geo-89ft.onrender.com/admin/audit-data'
For more information check: https://developer.mozilla.org/en-US/docs/Web/HTTP/Status/502
hub sync 실패: 
hub sync 실패: 
hub sync 실패: 
hub sync 실패: 
hub sync 실패: 
hub sync 실패: 
hub sync 실패: 
hub sync 실패: 
hub sync 실패: 
hub sync 실패: 
hub sync 실패: 
hub sync 실패: 
hub sync 실패: 
hub sync 실패: 
hub sync 실패: 
hub sync 실패: 
hub sync 실패: 
hub sync 실패: 
hub sync 실패: 
hub sync 실패: 
hub sync 실패: 
hub sync 실패: 
hub sync 실패: 
hub sync 실패: 
hub sync 실패: 
hub sync 실패: 
hub sync 실패: 
hub sync 실패: 
hub sync 실패: 
hub sync 실패: 
hub sync 실패: 
hub sync 실패: 
hub sync 실패: 
hub sync 실패: 
hub sync 실패: 
hub sync 실패: 
hub sync 실패: 
hub sync 실패: 
hub sync 실패: 
hub sync 실패: 
hub sync 실패: 
hub sync 실패: 
hub sync 실패: 
hub sync 실패: 
hub sync 실패: 
hub sync 실패: 
hub sync 실패: 
hub sync 실패: 
hub sync 실패: 
hub sync 실패: 
hub sync 실패: 
hub sync 실패: 
hub sync 실패: 
hub sync 실패: 
hub sync 실패: 
hub sync 실패: 
hub sync 실패: 
hub sync 실패: 
hub sync 실패: 
hub sync 실패: 
hub sync 실패: 
hub sync 실패: 
hub sync 실패: 
hub sync 실패: 
hub sync 실패: 
hub sync 실패: 
hub sync 실패: 
hub sync 실패: 
hub sync 실패: 
hub sync 실패: 
hub sync 실패: 
hub sync 실패: 
hub sync 실패: 
hub sync 실패: 
hub sync 실패: 
hub sync 실패: 
hub sync 실패: 
hub sync 실패: 
hub sync 실패: 
hub sync 실패: 
hub sync 실패: 
hub sync 실패: 
hub sync 실패: 
hub sync 실패: 
hub sync 실패: 
hub sync 실패: 
hub sync 실패: 
hub sync 실패: 
hub sync 실패: 
hub sync 실패: 
hub sync 실패: 
hub sync 실패: 
hub sync 실패: 
hub sync 실패: 
hub sync 실패: 
hub sync 실패: 
hub sync 실패: 
hub sync 실패: 
hub sync 실패: 
hub sync 실패: 
hub sync 실패: 
hub sync 실패: 
hub sync 실패: Server error '502 Bad Gateway' for url 'https://my-geo-89ft.onrender.com/admin/audit-data'
For more information check: https://developer.mozilla.org/en-US/docs/Web/HTTP/Status/502
hub sync 실패: Server error '502 Bad Gateway' for url 'https://my-geo-89ft.onrender.com/admin/audit-data'
For more information check: https://developer.mozilla.org/en-US/docs/Web/HTTP/Status/502
hub sync 실패: Server error '502 Bad Gateway' for url 'https://my-geo-89ft.onrender.com/admin/audit-data'
For more information check: https://developer.mozilla.org/en-US/docs/Web/HTTP/Status/502
hub sync 실패: Server error '502 Bad Gateway' for url 'https://my-geo-89ft.onrender.com/admin/audit-data'
For more information check: https://developer.mozilla.org/en-US/docs/Web/HTTP/Status/502
hub sync 실패: Server error '502 Bad Gateway' for url 'https://my-geo-89ft.onrender.com/admin/audit-data'
For more information check: https://developer.mozilla.org/en-US/docs/Web/HTTP/Status/502
hub sync 실패: Server error '502 Bad Gateway' for url 'https://my-geo-89ft.onrender.com/admin/audit-data'
For more information check: https://developer.mozilla.org/en-US/docs/Web/HTTP/Status/502
hub sync 실패: Server error '502 Bad Gateway' for url 'https://my-geo-89ft.onrender.com/admin/audit-data'
For more information check: https://developer.mozilla.org/en-US/docs/Web/HTTP/Status/502
